X,Date,Day,Month,Year,Water_Temp_Max,Water_Temp_Min,Chl.a,DHWs
1,01/05/2020,1,5,2020,24.1,22.3,0.303,0
2,02/05/2020,2,5,2020,24.9,22.6,0.258,0
3,03/05/2020,3,5,2020,24.3,22.6,0.212,0
4,04/05/2020,4,5,2020,23.4,22.4,0.201,0
5,05/05/2020,5,5,2020,23.6,22.3,0.19,0
6,06/05/2020,6,5,2020,23.7,22.3,0.241,0
7,07/05/2020,7,5,2020,23.6,22.5,0.244,0
8,08/05/2020,8,5,2020,24,22.7,0.205,0
9,09/05/2020,9,5,2020,23.3,22.6,0.195,0
10,10/05/2020,10,5,2020,24.2,22.8,0.184,0
11,11/05/2020,11,5,2020,23.5,22.7,0.198,0
12,12/05/2020,12,5,2020,23.3,22.6,0.223,0
13,13/05/2020,13,5,2020,23.7,22.6,0.222,0
14,14/05/2020,14,5,2020,23.2,22.8,0.202,0
15,15/05/2020,15,5,2020,23.5,22.8,0.208,0
16,16/05/2020,16,5,2020,24.9,22.8,0.241,0
17,17/05/2020,17,5,2020,24.8,23.1,0.274,0
18,18/05/2020,18,5,2020,25.6,23.5,0.195,0
19,19/05/2020,19,5,2020,25.4,23.4,0.239,0
20,20/05/2020,20,5,2020,,24.6,0.535,0
21,21/05/2020,21,5,2020,,24.9,0.419,0
22,22/05/2020,22,5,2020,,25.6,0.781,0
23,23/05/2020,23,5,2020,26.2,25.5,0.571,0
24,24/05/2020,24,5,2020,25.7,24.8,0.361,0
25,25/05/2020,25,5,2020,25.2,24.5,0.228,0
26,26/05/2020,26,5,2020,24.9,24.1,0.207,0
27,27/05/2020,27,5,2020,25.1,24,0.177,0
28,28/05/2020,28,5,2020,24.5,23.4,0.195,0
29,29/05/2020,29,5,2020,23.9,23.4,0.213,0
30,30/05/2020,30,5,2020,23.8,23.2,0.231,0
31,31/05/2020,31,5,2020,23.6,22.9,0.249,0
32,01/06/2020,1,6,2020,23.9,23,0.173,0
33,02/06/2020,2,6,2020,24.5,23.2,0.148,0
34,03/06/2020,3,6,2020,25.1,23.2,0.153,0
35,04/06/2020,4,6,2020,24.5,23.3,0.208,0
36,05/06/2020,5,6,2020,24.3,23.5,0.191,0
37,06/06/2020,6,6,2020,24.3,23.5,0.194,0
38,07/06/2020,7,6,2020,26.2,23.5,0.197,0
39,08/06/2020,8,6,2020,26,24,0.201,0
40,09/06/2020,9,6,2020,24.8,23.9,0.17,0
41,10/06/2020,10,6,2020,25.4,23.9,0.173,0
42,11/06/2020,11,6,2020,24.8,23.8,0.156,0
43,12/06/2020,12,6,2020,24.7,23.8,0.181,0
44,13/06/2020,13,6,2020,25.7,23.8,0.196,0
45,14/06/2020,14,6,2020,24.6,23.9,0.212,0
46,15/06/2020,15,6,2020,24.4,23.7,0.244,0
47,16/06/2020,16,6,2020,24.5,23.7,0.182,0
48,17/06/2020,17,6,2020,25.3,23.8,0.155,0
49,18/06/2020,18,6,2020,25.4,24.1,0.126,0
50,19/06/2020,19,6,2020,25,24,0.138,0
51,20/06/2020,20,6,2020,25.4,23.5,0.126,0
52,21/06/2020,21,6,2020,26.4,23.4,0.115,0
53,22/06/2020,22,6,2020,26,24.2,0.16,0
54,23/06/2020,23,6,2020,26,25,0.167,0
55,24/06/2020,24,6,2020,25.5,24.6,0.173,0
56,25/06/2020,25,6,2020,25.1,24.1,0.138,0
57,26/06/2020,26,6,2020,24.9,23.9,0.155,0
58,27/06/2020,27,6,2020,25.3,24.1,0.138,0
59,28/06/2020,28,6,2020,25.5,24.2,0.122,0
60,29/06/2020,29,6,2020,25.5,24.1,0.154,0
61,30/06/2020,30,6,2020,26.1,24.2,0.172,0
62,01/07/2020,1,7,2020,25.1,23.8,0.127,0
63,02/07/2020,2,7,2020,25.6,24.2,0.16,0
64,03/07/2020,3,7,2020,25.9,24.4,0.178,0
65,04/07/2020,4,7,2020,25.4,24,0.167,0
66,05/07/2020,5,7,2020,26.2,24,0.156,0
67,06/07/2020,6,7,2020,26.2,24.7,0.115,0
68,07/07/2020,7,7,2020,26.7,25.1,0.138,0
69,08/07/2020,8,7,2020,26.4,25.1,0.117,0
70,09/07/2020,9,7,2020,27.2,24.7,0.161,0
71,10/07/2020,10,7,2020,26.6,24.9,0.174,0
72,11/07/2020,11,7,2020,26.4,24.7,0.185,0
73,12/07/2020,12,7,2020,26.2,25.1,0.169,0
74,13/07/2020,13,7,2020,25.9,25,0.179,0
75,14/07/2020,14,7,2020,26.4,25.1,0.188,0
76,15/07/2020,15,7,2020,26.1,25.2,0.209,0
77,16/07/2020,16,7,2020,25.9,25,0.211,0
78,17/07/2020,17,7,2020,26,24.9,0.198,0
79,18/07/2020,18,7,2020,26.2,25.1,0.185,0
80,19/07/2020,19,7,2020,26,25.1,0.172,0
81,20/07/2020,20,7,2020,26.1,25,0.163,0
82,21/07/2020,21,7,2020,26.1,25.3,0.19,0
83,22/07/2020,22,7,2020,25.9,25.3,0.183,0
84,23/07/2020,23,7,2020,26.2,25.1,0.169,0
85,24/07/2020,24,7,2020,26.5,25.3,0.205,0
86,25/07/2020,25,7,2020,26.6,25.5,0.194,0
87,26/07/2020,26,7,2020,26.2,25.6,0.184,0
88,27/07/2020,27,7,2020,26.8,25.6,0.191,0
89,28/07/2020,28,7,2020,27.6,25.6,0.176,0.1657
90,29/07/2020,29,7,2020,27.1,25.6,0.171,0.3629
91,30/07/2020,30,7,2020,27,25.8,0.178,0.5857
92,31/07/2020,31,7,2020,26.9,25.8,0.184,0.82
93,01/08/2020,1,8,2020,26.6,25.7,0.158,1.0229
94,02/08/2020,2,8,2020,27.2,25.9,0.132,1.2914
95,03/08/2020,3,8,2020,27.9,26.2,0.243,1.5729
96,04/08/2020,4,8,2020,28.3,27,0.354,1.8329
97,05/08/2020,5,8,2020,28.8,27.4,0.164,2.0957
98,06/08/2020,6,8,2020,28.9,27.5,0.13,2.3543
99,07/08/2020,7,8,2020,28.8,27.3,0.181,2.6029
100,08/08/2020,8,8,2020,28.5,27.2,0.184,2.8314
101,09/08/2020,9,8,2020,29.2,27.6,0.187,3.0129
102,10/08/2020,10,8,2020,28.4,27.3,0.188,3.2229
103,11/08/2020,11,8,2020,28.6,27.3,0.173,3.49
104,12/08/2020,12,8,2020,28.4,27.2,0.201,3.7371
105,13/08/2020,13,8,2020,28.5,27.7,0.189,3.9857
106,14/08/2020,14,8,2020,28.5,27.7,0.198,4.2357
107,15/08/2020,15,8,2020,28.5,27.5,0.171,4.4729
108,16/08/2020,16,8,2020,28.8,27.5,0.143,4.6929
109,17/08/2020,17,8,2020,29.7,27.5,0.165,4.9086
110,18/08/2020,18,8,2020,28.7,27.6,0.166,5.1586
111,19/08/2020,19,8,2020,28.4,27.8,0.166,5.39
112,20/08/2020,20,8,2020,28.8,27.8,0.166,5.6486
113,21/08/2020,21,8,2020,28.4,27.7,0.163,5.89
114,22/08/2020,22,8,2020,28.4,27.7,0.163,6.0914
115,23/08/2020,23,8,2020,28.5,27.6,0.163,6.2671
116,24/08/2020,24,8,2020,28.9,27.7,0.162,6.47
117,25/08/2020,25,8,2020,28.8,27.9,0.159,6.7071
118,26/08/2020,26,8,2020,28.3,27.7,0.173,6.9357
119,27/08/2020,27,8,2020,28.2,27.6,0.197,7.1214
120,28/08/2020,28,8,2020,28.1,27.5,0.204,7.2971
121,29/08/2020,29,8,2020,28.4,27.6,0.199,7.49
122,30/08/2020,30,8,2020,29.2,27.6,0.194,7.7314
123,31/08/2020,31,8,2020,29.8,27.8,0.364,8.04
124,01/09/2020,1,9,2020,30.4,27.8,0.225,8.3671
125,02/09/2020,2,9,2020,29.2,27.8,0.175,8.6986
126,03/09/2020,3,9,2020,29,28.4,0.191,9.0214
127,04/09/2020,4,9,2020,29.8,28.2,0.18,9.3286
128,05/09/2020,5,9,2020,30.3,28.1,0.266,9.6814
129,06/09/2020,6,9,2020,29.5,28.6,0.352,10.04
130,07/09/2020,7,9,2020,29.3,28.7,0.183,10.4114
131,08/09/2020,8,9,2020,29.4,28.8,0.182,10.7543
132,09/09/2020,9,9,2020,29.4,28.7,0.181,11.0629
133,10/09/2020,10,9,2020,30.2,28.6,0.179,11.3671
134,11/09/2020,11,9,2020,29.7,28.7,0.219,11.73
135,12/09/2020,12,9,2020,30.8,28.7,0.278,12.0814
136,13/09/2020,13,9,2020,29.4,28.9,0.337,12.39
137,14/09/2020,14,9,2020,29.1,28.8,0.326,12.6586
138,15/09/2020,15,9,2020,29,28.7,0.212,12.9057
139,16/09/2020,16,9,2020,29,28.4,0.192,13.1386
140,17/09/2020,17,9,2020,29,28.5,0.215,13.3771
141,18/09/2020,18,9,2020,28.8,28.5,0.212,13.5871
142,19/09/2020,19,9,2020,28.8,28.3,0.208,13.7943
143,20/09/2020,20,9,2020,28.6,28,0.204,14.0071
144,21/09/2020,21,9,2020,28.6,28,0.201,14.2386
145,22/09/2020,22,9,2020,28.4,28,0.22,14.4671
146,23/09/2020,23,9,2020,28.3,27.8,0.205,14.6671
147,24/09/2020,24,9,2020,28.2,27.6,0.224,14.8457
148,25/09/2020,25,9,2020,27.8,27.4,0.199,15.0086
149,26/09/2020,26,9,2020,27.9,27.2,0.185,15.1529
150,27/09/2020,27,9,2020,27.6,27.1,0.17,15.1529
151,28/09/2020,28,9,2020,28.4,27.2,0.198,15.1529
152,29/09/2020,29,9,2020,27.8,27.1,0.225,15.1529
153,30/09/2020,30,9,2020,27.9,27.2,0.158,15.1529
154,01/10/2020,1,10,2020,27.7,27.2,0.186,15.1529
155,02/10/2020,2,10,2020,27.8,27,0.185,15.1529
156,03/10/2020,3,10,2020,27.4,26.9,0.181,15.1529
157,04/10/2020,4,10,2020,27.2,26.8,0.177,15.1529
158,05/10/2020,5,10,2020,27.1,26.7,0.201,15.1529
159,06/10/2020,6,10,2020,27.2,26.6,0.179,15.1529
160,07/10/2020,7,10,2020,27.8,26.5,0.189,15.1529
161,08/10/2020,8,10,2020,27.8,26.4,0.173,15.1529
162,09/10/2020,9,10,2020,27.8,26.8,0.196,15.1529
163,10/10/2020,10,10,2020,27.2,26.6,0.201,15.1529
164,11/10/2020,11,10,2020,27.4,26.8,0.206,15.1529
165,12/10/2020,12,10,2020,27.4,26.9,0.193,15.1529
166,13/10/2020,13,10,2020,27.3,26.8,0.191,15.3014
167,14/10/2020,14,10,2020,27,26.8,0.191,15.4486
168,15/10/2020,15,10,2020,27,26.6,0.197,15.4486
169,16/10/2020,16,10,2020,27,26.5,0.169,15.4486
170,17/10/2020,17,10,2020,26.8,26.4,0.178,15.4486
171,18/10/2020,18,10,2020,26.8,26.3,0.187,15.4486
172,19/10/2020,19,10,2020,27,26.5,0.18,15.5929
173,20/10/2020,20,10,2020,27.2,26.4,0.183,15.5857
174,21/10/2020,21,10,2020,27.2,26.5,0.195,15.5457
175,22/10/2020,22,10,2020,27.2,26.5,0.204,15.47
176,23/10/2020,23,10,2020,27.2,26.4,0.266,15.4114
177,24/10/2020,24,10,2020,27,26.3,0.226,15.3586
178,25/10/2020,25,10,2020,27,26.4,0.186,15.09
179,26/10/2020,26,10,2020,27,26.5,0.226,14.8086
180,27/10/2020,27,10,2020,27,26.6,0.194,14.5486
181,28/10/2020,28,10,2020,27.3,26.6,0.236,14.2857
182,29/10/2020,29,10,2020,27.1,26.6,0.254,14.0271
183,30/10/2020,30,10,2020,26.8,26.5,0.297,13.7786
184,31/10/2020,31,10,2020,26.9,26.5,0.296,13.55
185,01/11/2020,1,11,2020,26.8,26.2,0.295,13.3686
186,02/11/2020,2,11,2020,26.8,26.3,0.252,13.3129
187,03/11/2020,3,11,2020,26.6,26.3,0.223,13.0457
188,04/11/2020,4,11,2020,26.7,26.3,0.217,12.7986
189,05/11/2020,5,11,2020,26.7,26.2,0.247,12.55
190,06/11/2020,6,11,2020,26.5,26.2,0.265,12.3
191,07/11/2020,7,11,2020,26.5,26.3,0.271,12.0629
192,08/11/2020,8,11,2020,26.6,26.2,0.278,11.8429
193,09/11/2020,9,11,2020,26.6,26.1,0.25,11.6271
194,10/11/2020,10,11,2020,26.6,26.3,0.242,11.3771
195,11/11/2020,11,11,2020,26.4,26.2,0.268,11.1457
196,12/11/2020,12,11,2020,26.3,26.1,0.245,10.8871
197,13/11/2020,13,11,2020,26.4,26.1,0.247,10.6457
198,14/11/2020,14,11,2020,26.4,26,0.263,10.4443
199,15/11/2020,15,11,2020,26.2,26,0.279,10.2686
200,16/11/2020,16,11,2020,26.1,25.8,0.274,10.0657
201,17/11/2020,17,11,2020,26,25.7,0.307,9.8286
202,18/11/2020,18,11,2020,26.1,25.8,0.301,9.6
203,19/11/2020,19,11,2020,26,25.7,0.261,9.4143
204,20/11/2020,20,11,2020,26,25.7,0.313,9.2386
205,21/11/2020,21,11,2020,25.9,25.6,0.313,9.0457
206,22/11/2020,22,11,2020,25.8,25.5,0.312,8.8043
207,23/11/2020,23,11,2020,25.7,25.5,0.277,8.4957
208,24/11/2020,24,11,2020,25.7,25.5,0.307,8.1686
209,25/11/2020,25,11,2020,25.7,25.4,0.309,7.8371
210,26/11/2020,26,11,2020,25.5,25.4,0.314,7.5143
211,27/11/2020,27,11,2020,25.5,25.3,0.4,7.2071
212,28/11/2020,28,11,2020,25.3,25.2,0.392,6.8543
213,29/11/2020,29,11,2020,25.3,25.2,0.385,6.4957
214,30/11/2020,30,11,2020,25.4,25.1,0.382,6.1243
215,01/12/2020,1,12,2020,25.4,25.1,0.349,5.7814
216,02/12/2020,2,12,2020,25.2,25,0.352,5.4729
217,03/12/2020,3,12,2020,25.1,24.8,0.384,5.1686
218,04/12/2020,4,12,2020,25.1,24.8,0.396,4.8057
219,05/12/2020,5,12,2020,25.2,24.9,0.382,4.4543
220,06/12/2020,6,12,2020,25.2,24.9,0.369,4.1457
221,07/12/2020,7,12,2020,25,24.7,0.379,3.8771
222,08/12/2020,8,12,2020,25.2,24.8,0.36,3.63
223,09/12/2020,9,12,2020,25,24.8,0.42,3.3971
224,10/12/2020,10,12,2020,24.9,24.8,0.372,3.1586
225,11/12/2020,11,12,2020,24.9,24.7,0.403,2.9486
226,12/12/2020,12,12,2020,24.9,24.6,0.414,2.7414
227,13/12/2020,13,12,2020,25.1,24.7,0.424,2.5286
228,14/12/2020,14,12,2020,25,24.6,0.349,2.2971
229,15/12/2020,15,12,2020,25,24.6,0.324,2.0686
230,16/12/2020,16,12,2020,25,24.7,0.374,1.8686
231,17/12/2020,17,12,2020,24.9,24.5,0.348,1.69
232,18/12/2020,18,12,2020,24.8,24.5,0.351,1.5271
233,19/12/2020,19,12,2020,24.6,24.4,0.354,1.3829
234,20/12/2020,20,12,2020,24.5,24.4,0.358,1.3829
235,21/12/2020,21,12,2020,24.4,24.3,0.306,1.3829
236,22/12/2020,22,12,2020,24.3,24.1,0.342,1.3829
237,23/12/2020,23,12,2020,24.3,24.1,0.423,1.3829
238,24/12/2020,24,12,2020,24.3,24.1,0.426,1.3829
239,25/12/2020,25,12,2020,24.2,24,0.555,1.3829
240,26/12/2020,26,12,2020,24.1,24,0.473,1.3829
241,27/12/2020,27,12,2020,24.1,23.9,0.392,1.3829
242,28/12/2020,28,12,2020,24.1,23.9,0.381,1.3829
243,29/12/2020,29,12,2020,23.9,23.8,0.359,1.3829
244,30/12/2020,30,12,2020,23.8,23.7,0.434459805,1.3829
245,31/12/2020,31,12,2020,23.8,23.6,0.433,1.3829
246,01/01/2021,1,1,2021,23.8,23.6,0.365,1.3829
247,02/01/2021,2,1,2021,23.7,23.6,0.297,1.3829
248,03/01/2021,3,1,2021,23.7,23.5,0.322,1.3829
249,04/01/2021,4,1,2021,23.7,23.5,0.293,1.3829
250,05/01/2021,5,1,2021,23.7,23.4,0.355,1.2343
251,06/01/2021,6,1,2021,23.6,23.4,0.395,1.0871
252,07/01/2021,7,1,2021,23.6,23.4,0.451,1.0871
253,08/01/2021,8,1,2021,23.6,23.4,0.401,1.0871
254,09/01/2021,9,1,2021,23.5,23.3,0.351,1.0871
255,10/01/2021,10,1,2021,23.4,23.3,0.344,1.0871
256,11/01/2021,11,1,2021,23.5,23.2,0.302,0.9429
257,12/01/2021,12,1,2021,23.6,23.2,0.397,0.7843
258,13/01/2021,13,1,2021,23.4,23.2,0.396,0.6271
259,14/01/2021,14,1,2021,23.6,23.2,0.355,0.48
260,15/01/2021,15,1,2021,23.6,23.3,0.367,0.3043
261,16/01/2021,16,1,2021,23.5,23.3,0.38,0.1543
262,17/01/2021,17,1,2021,23.5,23.2,0.368,0.1543
263,18/01/2021,18,1,2021,23.5,23.3,0.342,0.1543
264,19/01/2021,19,1,2021,23.6,23.2,0.288,0.1543
265,20/01/2021,20,1,2021,23.3,23.1,0.294,0.1543
266,21/01/2021,21,1,2021,23.3,23,0.297,0.1543
267,22/01/2021,22,1,2021,23.2,23,0.314,0.1543
268,23/01/2021,23,1,2021,23.1,22.9,0.331,0.1543
269,24/01/2021,24,1,2021,23,22.8,0.234,0.1543
270,25/01/2021,25,1,2021,23,22.8,0.288,0
271,26/01/2021,26,1,2021,22.9,22.8,0.318,0
272,27/01/2021,27,1,2021,23.1,22.8,0.282,0
273,28/01/2021,28,1,2021,23,22.7,0.338,0
274,29/01/2021,29,1,2021,22.9,22.7,0.356,0
275,30/01/2021,30,1,2021,23.2,22.6,0.374,0
276,31/01/2021,31,1,2021,23.2,22.7,0.299,0
277,01/02/2021,1,2,2021,23,22.6,0.317,0
278,02/02/2021,2,2,2021,23.2,22.7,0.376,0
279,03/02/2021,3,2,2021,23.3,22.7,0.43,0
280,04/02/2021,4,2,2021,23,22.7,0.621,0
281,05/02/2021,5,2,2021,22.8,22.7,0.5,0
282,06/02/2021,6,2,2021,23,22.6,0.379,0
283,07/02/2021,7,2,2021,23,22.6,0.372,0
284,08/02/2021,8,2,2021,23.1,22.6,0.332,0
285,09/02/2021,9,2,2021,23.2,22.6,0.297,0
286,10/02/2021,10,2,2021,22.9,22.6,0.33,0
287,11/02/2021,11,2,2021,22.8,22.6,0.376,0
288,12/02/2021,12,2,2021,22.8,22.5,0.352,0
289,13/02/2021,13,2,2021,22.7,22.5,0.329,0
290,14/02/2021,14,2,2021,22.9,22.5,0.316,0
291,15/02/2021,15,2,2021,22.7,22.4,0.406,0
292,16/02/2021,16,2,2021,22.7,22.4,0.342,0
293,17/02/2021,17,2,2021,22.5,22.3,0.335,0
294,18/02/2021,18,2,2021,22.6,22.2,0.387,0
295,19/02/2021,19,2,2021,22.9,22.2,0.395,0
296,20/02/2021,20,2,2021,22.6,22.3,0.402,0
297,21/02/2021,21,2,2021,22.5,22.2,0.386,0
298,22/02/2021,22,2,2021,22.4,22.2,0.468,0
299,23/02/2021,23,2,2021,22.8,22.2,0.398,0
300,24/02/2021,24,2,2021,22.4,22.2,0.4,0
301,25/02/2021,25,2,2021,22.6,22.1,0.414,0
302,26/02/2021,26,2,2021,22.8,22,0.428,0
303,27/02/2021,27,2,2021,22.9,22,0.442,0
304,28/02/2021,28,2,2021,22.4,22.1,0.395,0
305,01/03/2021,1,3,2021,22.8,22.1,0.449,0
306,02/03/2021,2,3,2021,22.5,22.1,0.393,0
307,03/03/2021,3,3,2021,22.4,22.1,0.367,0
308,04/03/2021,4,3,2021,22.2,22,0.326,0
309,05/03/2021,5,3,2021,22.4,22,0.349,0
310,06/03/2021,6,3,2021,22.4,22,0.373,0
311,07/03/2021,7,3,2021,22.4,22,0.388,0
312,08/03/2021,8,3,2021,22.2,22,0.388,0
313,09/03/2021,9,3,2021,22.3,22,0.406,0
314,10/03/2021,10,3,2021,22.8,21.9,0.286,0
315,11/03/2021,11,3,2021,23.9,22,1.023,0
316,12/03/2021,12,3,2021,22.5,22,0.811,0
317,13/03/2021,13,3,2021,22.3,21.8,0.598,0
318,14/03/2021,14,3,2021,22.3,21.9,0.551,0
319,15/03/2021,15,3,2021,22.6,21.9,0.523,0
320,16/03/2021,16,3,2021,22.6,22,0.599,0
321,17/03/2021,17,3,2021,22.5,22,0.492,0
322,18/03/2021,18,3,2021,22.4,21.9,0.537,0
323,19/03/2021,19,3,2021,22.4,21.9,0.493,0
324,20/03/2021,20,3,2021,22.6,21.9,0.449,0
325,21/03/2021,21,3,2021,23,22,0.708,0
326,22/03/2021,22,3,2021,22.9,22.1,0.529,0
327,23/03/2021,23,3,2021,22.9,22.1,0.35,0
328,24/03/2021,24,3,2021,22.8,22.1,0.355,0
329,25/03/2021,25,3,2021,22.9,22.1,0.386,0
330,26/03/2021,26,3,2021,22.5,22.1,0.379,0
331,27/03/2021,27,3,2021,22.3,22,0.373,0
332,28/03/2021,28,3,2021,22.2,21.9,0.366,0
333,29/03/2021,29,3,2021,22.1,21.9,0.312,0
334,30/03/2021,30,3,2021,22.4,21.8,0.411,0
335,31/03/2021,31,3,2021,22.5,21.8,0.439,0
336,01/04/2021,1,4,2021,23,21.8,0.345,0
337,02/04/2021,2,4,2021,22.8,21.8,0.448,0
338,03/04/2021,3,4,2021,22.5,21.8,0.552,0
339,04/04/2021,4,4,2021,22.4,21.8,0.509,0
340,05/04/2021,5,4,2021,22.8,21.8,0.572,0
341,06/04/2021,6,4,2021,23,21.9,0.985,0
342,07/04/2021,7,4,2021,23.6,22,0.626,0
343,08/04/2021,8,4,2021,22.7,22,0.551,0
344,09/04/2021,9,4,2021,22.5,21.9,0.403,0
345,10/04/2021,10,4,2021,22.4,21.8,0.256,0
346,11/04/2021,11,4,2021,22.5,21.8,0.334,0
347,12/04/2021,12,4,2021,22.3,21.8,0.319,0
348,13/04/2021,13,4,2021,22.2,21.8,0.276,0
349,14/04/2021,14,4,2021,22.2,21.7,0.304,0
350,15/04/2021,15,4,2021,22.4,21.7,0.332,0
351,16/04/2021,16,4,2021,22.2,22,0.481,0
352,17/04/2021,17,4,2021,22.9,21.9,0.63,0
353,18/04/2021,18,4,2021,23,22,0.73,0
354,19/04/2021,19,4,2021,23.6,22.2,0.692,0
355,20/04/2021,20,4,2021,23.4,22.4,0.177,0
356,21/04/2021,21,4,2021,23.2,22.4,0.251,0
357,22/04/2021,22,4,2021,22.5,22.1,0.341,0
358,23/04/2021,23,4,2021,22.4,22,0.339,0
359,24/04/2021,24,4,2021,22.8,21.9,0.337,0
360,25/04/2021,25,4,2021,24.6,22.1,0.226,0
361,26/04/2021,26,4,2021,22.7,22,0.273,0
362,27/04/2021,27,4,2021,23.1,22.2,0.237,0
363,28/04/2021,28,4,2021,22.7,22,0.174,0
364,29/04/2021,29,4,2021,23.4,22.2,0.199,0
365,30/04/2021,30,4,2021,24.6,22.4,0.225,0
366,01/05/2021,1,5,2021,23.7,22.5,0.251,0
367,02/05/2021,2,5,2021,23.6,22.4,0.193,0
368,03/05/2021,3,5,2021,23.6,22.4,0.186,0
369,04/05/2021,4,5,2021,24.6,22.6,0.183,0
370,05/05/2021,5,5,2021,24.4,22.8,0.195,0
371,06/05/2021,6,5,2021,25.2,22.7,0.202,0
372,07/05/2021,7,5,2021,24.6,23.1,0.233,0
373,08/05/2021,8,5,2021,24.5,23,0.265,0
374,09/05/2021,9,5,2021,24.5,23.3,0.363,0
375,10/05/2021,10,5,2021,25.9,23.2,0.366,0
376,11/05/2021,11,5,2021,24.5,23.4,0.347,0
377,12/05/2021,12,5,2021,24.2,23.3,0.282,0
378,13/05/2021,13,5,2021,24.5,23.4,0.252,0
379,14/05/2021,14,5,2021,24,23.3,0.24,0
380,15/05/2021,15,5,2021,24.2,23.4,0.228,0
381,16/05/2021,16,5,2021,25,23.5,0.216,0
382,17/05/2021,17,5,2021,24.7,23.5,0.204,0
383,18/05/2021,18,5,2021,24.4,23.4,0.21,0
384,19/05/2021,19,5,2021,24.1,23.4,0.282,0
385,20/05/2021,20,5,2021,24.2,23.4,0.25,0
386,21/05/2021,21,5,2021,24.7,23.4,0.2,0
387,22/05/2021,22,5,2021,24.6,23.5,0.15,0
388,23/05/2021,23,5,2021,24.3,23.5,0.193,0
389,24/05/2021,24,5,2021,24.3,23.6,0.169,0
390,25/05/2021,25,5,2021,25.2,23.6,0.158,0
391,26/05/2021,26,5,2021,25.8,24.1,0.155,0
392,27/05/2021,27,5,2021,25.6,23.9,0.152,0
393,28/05/2021,28,5,2021,25.6,24.1,0.167,0
394,29/05/2021,29,5,2021,26.2,24.2,0.182,0
395,30/05/2021,30,5,2021,25.5,24.5,0.193,0
396,31/05/2021,31,5,2021,25.3,24.3,0.154,0
397,01/06/2021,1,6,2021,25.4,24.3,0.251,0
398,02/06/2021,2,6,2021,25,24.3,0.192,0
399,03/06/2021,3,6,2021,24.7,24.2,0.212,0
400,04/06/2021,4,6,2021,24.9,24.2,0.172,0
401,05/06/2021,5,6,2021,24.8,24.2,0.133,0
402,06/06/2021,6,6,2021,24.9,24.2,0.155,0
403,07/06/2021,7,6,2021,25,24.3,0.159,0
404,08/06/2021,8,6,2021,25,24.2,0.179,0
405,09/06/2021,9,6,2021,24.9,24.2,0.168,0
406,10/06/2021,10,6,2021,25.6,24.3,0.165,0
407,11/06/2021,11,6,2021,25.7,24.4,0.172,0
408,12/06/2021,12,6,2021,25.7,24.6,0.178,0
409,13/06/2021,13,6,2021,25.3,24.5,0.185,0
410,14/06/2021,14,6,2021,25,24.3,0.138,0
411,15/06/2021,15,6,2021,25,24.2,0.204,0
412,16/06/2021,16,6,2021,25.3,24.2,0.181,0
413,17/06/2021,17,6,2021,25,24.2,0.177,0
414,18/06/2021,18,6,2021,24.7,24.1,0.173,0
415,19/06/2021,19,6,2021,25,24,0.17,0
416,20/06/2021,20,6,2021,25.6,24.2,0.166,0
417,21/06/2021,21,6,2021,25.4,24.3,0.138,0
418,22/06/2021,22,6,2021,26,24.4,0.148,0
419,23/06/2021,23,6,2021,25.5,24.5,0.161,0
420,24/06/2021,24,6,2021,25.3,24.4,0.162,0
421,25/06/2021,25,6,2021,25.8,24.4,0.142,0
422,26/06/2021,26,6,2021,26,24.6,0.121,0
423,27/06/2021,27,6,2021,25.9,24.6,0.203,0
424,28/06/2021,28,6,2021,26.2,24.9,0.182,0
425,29/06/2021,29,6,2021,26.3,25,0.171,0
426,30/06/2021,30,6,2021,26.5,25.1,0.145,0
427,01/07/2021,1,7,2021,26.5,0,0.179,0
428,02/07/2021,2,7,2021,26.8,25.4,0.157,0
429,03/07/2021,3,7,2021,28,25.4,0.134,0
430,04/07/2021,4,7,2021,26.7,25.3,0.277,0
431,05/07/2021,5,7,2021,26.2,25.4,0.246,0
432,06/07/2021,6,7,2021,27.1,25.2,0.153,0
433,07/07/2021,7,7,2021,26.2,25.1,0.156,0
434,08/07/2021,8,7,2021,26.4,25.4,0.154,0
435,09/07/2021,9,7,2021,26.5,25.2,0.169,0
436,10/07/2021,10,7,2021,26.9,25.4,0.184,0
437,11/07/2021,11,7,2021,27,25.5,0.123,0
438,12/07/2021,12,7,2021,27.8,25.6,0.147,0
439,13/07/2021,13,7,2021,27.3,26.1,0.199,0
440,14/07/2021,14,7,2021,27,26,0.158,0
441,15/07/2021,15,7,2021,27.1,26,0.155,0
442,16/07/2021,16,7,2021,27,25.8,0.183,0
443,17/07/2021,17,7,2021,27.8,25.7,0.211,0
444,18/07/2021,18,7,2021,27.8,26.2,0.239,0
445,19/07/2021,19,7,2021,27.1,26,0.187,0
446,20/07/2021,20,7,2021,26.8,25.8,0.184,0
447,21/07/2021,21,7,2021,26.5,25.7,0.2,0
448,22/07/2021,22,7,2021,27.1,25.8,0.159,0
449,23/07/2021,23,7,2021,27.3,25.6,0.207,0
450,24/07/2021,24,7,2021,27.4,25.5,0.255,0
451,25/07/2021,25,7,2021,27.4,25.8,0.175,0
452,26/07/2021,26,7,2021,27.5,26,0.241,0
453,27/07/2021,27,7,2021,27.3,26.6,0.23,0
454,28/07/2021,28,7,2021,27,26,0.247,0
455,29/07/2021,29,7,2021,27,26.2,0.137,0
456,30/07/2021,30,7,2021,27.4,25.9,0.155,0
457,31/07/2021,31,7,2021,28.5,26.2,0.173,0
458,01/08/2021,1,8,2021,28,26.4,0.178,0.1543
459,02/08/2021,2,8,2021,28.7,26.7,0.285,0.3414
460,03/08/2021,3,8,2021,29.5,27.9,0.253,0.5629
461,04/08/2021,4,8,2021,30.6,28.5,0.428,0.7814
462,05/08/2021,5,8,2021,30.4,28.8,0.245,1.0357
463,06/08/2021,6,8,2021,30.5,28.9,0.426,1.3086
464,07/08/2021,7,8,2021,30.9,28.9,0.607,1.6314
465,08/08/2021,8,8,2021,30.7,28.9,0.474,2.0229
466,09/08/2021,9,8,2021,30.5,29.5,0.329,2.4186
467,10/08/2021,10,8,2021,29.8,29.2,0.277,2.78
468,11/08/2021,11,8,2021,29.6,29,0.253,3.1286
469,12/08/2021,12,8,2021,30.8,28.7,0.234,3.4814
470,13/08/2021,13,8,2021,30.1,28.9,0.242,3.8657
471,14/08/2021,14,8,2021,30,28.9,0.25,4.2443
472,15/08/2021,15,8,2021,29.1,28.7,0.193,4.5986
473,16/08/2021,16,8,2021,28.9,28.3,0.187,4.9
474,17/08/2021,17,8,2021,28.7,28.1,0.174,5.1586
475,18/08/2021,18,8,2021,28.6,28,0.177,5.3843
476,19/08/2021,19,8,2021,28.4,27.8,0.173,5.6057
477,20/08/2021,20,8,2021,28.5,27.6,0.172,5.8143
478,21/08/2021,21,8,2021,28.5,27.7,0.17,6.0286
479,22/08/2021,22,8,2021,28.7,27.6,0.151,6.2371
480,23/08/2021,23,8,2021,28.4,27.6,0.176,6.4371
481,24/08/2021,24,8,2021,28.4,27.6,0.171,6.6457
482,25/08/2021,25,8,2021,28.3,27.6,0.167,6.8543
483,26/08/2021,26,8,2021,28.2,27.4,0.189,7.0571
484,27/08/2021,27,8,2021,28.3,27.5,0.193,7.2714
485,28/08/2021,28,8,2021,28.3,27.5,0.197,7.5271
486,29/08/2021,29,8,2021,27.9,27.4,0.17,7.7214
487,30/08/2021,30,8,2021,27.8,27.2,0.22,7.8843
488,31/08/2021,31,8,2021,28,27.4,0.168,7.8843
489,01/09/2021,1,9,2021,28,27.3,0.21,7.8843
490,02/09/2021,2,9,2021,27.8,27.2,0.201,7.8843
491,03/09/2021,3,9,2021,27.5,27,0.199,7.8843
492,04/09/2021,4,9,2021,27.6,26.9,0.197,7.8843
493,05/09/2021,5,9,2021,27.5,26.9,0.207,7.8843
494,06/09/2021,6,9,2021,27.4,26.4,0.217,7.8843
495,07/09/2021,7,9,2021,27.1,26.6,0.227,7.8843
496,08/09/2021,8,9,2021,27.1,26.5,0.237,7.8843
497,09/09/2021,9,9,2021,26.8,26.4,0.183,7.8843
498,10/09/2021,10,9,2021,26.7,25.9,0.181,7.8843
499,11/09/2021,11,9,2021,26.6,25.9,0.179,7.8843
500,12/09/2021,12,9,2021,26.5,25.7,0.187,7.8843
501,13/09/2021,13,9,2021,26.9,25.5,0.159,7.8843
502,14/09/2021,14,9,2021,27.3,25.5,0.169,7.8843
503,15/09/2021,15,9,2021,28.7,25.7,0.179,7.8843
504,16/09/2021,16,9,2021,26.5,25.6,0.189,7.8843
505,17/09/2021,17,9,2021,26.4,25.7,0.18,7.8843
506,18/09/2021,18,9,2021,26.3,25.7,0.171,7.8843
507,19/09/2021,19,9,2021,26.4,25.7,0.162,7.8843
508,20/09/2021,20,9,2021,26.2,25.8,0.155,7.8843
509,21/09/2021,21,9,2021,26.2,25.8,0.143,7.8843
510,22/09/2021,22,9,2021,26.4,25.7,0.131,7.8843
511,23/09/2021,23,9,2021,27.1,25.6,0.126,7.8843
512,24/09/2021,24,9,2021,27.8,25.7,0.144,7.8843
513,25/09/2021,25,9,2021,26.4,25.9,0.161,7.8843
514,26/09/2021,26,9,2021,27,26,0.163,7.8843
515,27/09/2021,27,9,2021,26.9,25.6,0.166,7.8843
516,28/09/2021,28,9,2021,26.4,25.6,0.169,7.8843
517,29/09/2021,29,9,2021,26.2,25.7,0.203,7.8843
518,30/09/2021,30,9,2021,26.1,25.5,0.173,7.8843
519,01/10/2021,1,10,2021,26,25.6,0.183,7.8843
520,02/10/2021,2,10,2021,26.5,25.5,0.193,7.8843
521,03/10/2021,3,10,2021,26.2,25.6,0.189,7.8843
522,04/10/2021,4,10,2021,26,25.5,0.181,7.8843
523,05/10/2021,5,10,2021,25.7,25.4,0.221,7.8843
524,06/10/2021,6,10,2021,25.7,25.3,0.212,7.8843
525,07/10/2021,7,10,2021,25.5,25.1,0.245,7.8843
526,08/10/2021,8,10,2021,26,25,0.226,7.8843
527,09/10/2021,9,10,2021,25.6,24.9,0.206,7.8843
528,10/10/2021,10,10,2021,25.9,25.2,0.203,7.8843
529,11/10/2021,11,10,2021,25.6,25.1,0.247,7.8843
530,12/10/2021,12,10,2021,25.5,24.8,0.292,7.8843
531,13/10/2021,13,10,2021,25.5,24.8,0.24,7.8843
532,14/10/2021,14,10,2021,25.3,24.9,0.235,7.8843
533,15/10/2021,15,10,2021,25.7,24.9,0.258,7.8843
534,16/10/2021,16,10,2021,25.5,24.9,0.282,7.8843
535,17/10/2021,17,10,2021,-,-,0.241,7.8843
536,18/10/2021,18,10,2021,-,-,0.249,7.8843
537,19/10/2021,19,10,2021,25.1,0,0.322,7.8843
538,20/10/2021,20,10,2021,25.1,24.7,0.286,7.8843
539,21/10/2021,21,10,2021,25.2,24.8,0.299,7.8843
540,22/10/2021,22,10,2021,25.2,24.7,0.291,7.8843
541,23/10/2021,23,10,2021,25.1,24.7,0.283,7.8843
542,24/10/2021,24,10,2021,25,24.6,0.338,7.73
543,25/10/2021,25,10,2021,25,24.6,0.337,7.5429
544,26/10/2021,26,10,2021,25,24.5,0.309,7.3214
545,27/10/2021,27,10,2021,24.9,24.5,0.33,7.1029
546,28/10/2021,28,10,2021,24.8,24.4,0.35,6.8486
547,29/10/2021,29,10,2021,25,24.4,0.37,6.5757
548,30/10/2021,30,10,2021,24.8,24.4,0.39,6.2529
549,31/10/2021,31,10,2021,24.6,24.5,0.391,5.8614
550,01/11/2021,1,11,2021,25.2,24.4,0.327,5.4657
551,02/11/2021,2,11,2021,25,24.5,0.254,5.1043
552,03/11/2021,3,11,2021,24.8,24.5,0.262,4.7557
553,04/11/2021,4,11,2021,24.8,24.5,0.312,4.4029
554,05/11/2021,5,11,2021,24.8,24.4,0.332,4.0186
555,06/11/2021,6,11,2021,24.8,24.4,0.352,3.64
556,07/11/2021,7,11,2021,24.7,24.3,0.343,3.2857
557,08/11/2021,8,11,2021,24.8,24.2,0.382,2.9843
558,09/11/2021,9,11,2021,24.7,24.1,0.425,2.7257
559,10/11/2021,10,11,2021,24.5,24.2,0.408,2.5
560,11/11/2021,11,11,2021,24.4,24.1,0.422,2.2786
561,12/11/2021,12,11,2021,24.4,24.1,0.457,2.07
562,13/11/2021,13,11,2021,24.2,24.1,0.492,1.8557
563,14/11/2021,14,11,2021,24.6,24,0.445,1.6471
564,15/11/2021,15,11,2021,24.6,24.3,0.385,1.4471
565,16/11/2021,16,11,2021,24.7,24.3,0.39,1.2386
566,17/11/2021,17,11,2021,24.8,24.3,0.385,1.03
567,18/11/2021,18,11,2021,24.6,24.3,0.344,0.8271
568,19/11/2021,19,11,2021,24.7,24.2,0.34,0.6129
569,20/11/2021,20,11,2021,24.8,24.2,0.335,0.3571
570,21/11/2021,21,11,2021,24.5,24.2,0.353,0.1629
571,22/11/2021,22,11,2021,24.6,24.2,0.297,0
572,23/11/2021,23,11,2021,24.3,24.1,0.34,0
573,24/11/2021,24,11,2021,24.2,24.1,0.357,0
574,25/11/2021,25,11,2021,24.2,24,0.392,0
575,26/11/2021,26,11,2021,24.1,23.9,0.428,0
576,27/11/2021,27,11,2021,24,23.9,0.465,0
577,28/11/2021,28,11,2021,24.2,23.8,0.412,0
578,29/11/2021,29,11,2021,24.1,23.8,0.425,0
579,30/11/2021,30,11,2021,24.2,23.8,0.6,0
580,01/12/2021,1,12,2021,24.2,23.7,0.545,0
581,02/12/2021,2,12,2021,24,23.7,0.468,0
582,03/12/2021,3,12,2021,23.8,23.6,0.429,0
583,04/12/2021,4,12,2021,24,23.6,0.389,0
584,05/12/2021,5,12,2021,24.1,23.6,0.408,0
585,06/12/2021,6,12,2021,23.8,23.6,0.449,0
586,07/12/2021,7,12,2021,23.9,23.6,0.398,0
587,08/12/2021,8,12,2021,23.9,23.5,0.378,0
588,09/12/2021,9,12,2021,23.9,23.6,0.341,0
589,10/12/2021,10,12,2021,23.8,23.5,0.375,0
590,11/12/2021,11,12,2021,23.6,23.4,0.408,0
591,12/12/2021,12,12,2021,23.6,23.4,0.404,0
592,13/12/2021,13,12,2021,23.6,23.4,0.473,0
593,14/12/2021,14,12,2021,23.7,23.4,0.424,0
594,15/12/2021,15,12,2021,23.5,23.2,0.492,0
595,16/12/2021,16,12,2021,23.5,23.3,0.465,0
596,17/12/2021,17,12,2021,23.4,23.2,0.484,0
597,18/12/2021,18,12,2021,23.4,23.2,0.503,0
598,19/12/2021,19,12,2021,23.5,23.2,0.5,0
599,20/12/2021,20,12,2021,23.3,23,0.415,0
600,21/12/2021,21,12,2021,23.4,23,0.407,0
601,22/12/2021,22,12,2021,23.3,23,0.474,0
602,23/12/2021,23,12,2021,23.2,23,0.435,0
603,24/12/2021,24,12,2021,23.2,23,0.42,0
604,25/12/2021,25,12,2021,23.1,22.9,0.404,0
605,26/12/2021,26,12,2021,23,22.8,0.388,0
606,27/12/2021,27,12,2021,23,22.8,0.373,0
607,28/12/2021,28,12,2021,22.9,22.8,0.349,0
608,29/12/2021,29,12,2021,22.9,22.8,0.308,0
609,30/12/2021,30,12,2021,23,22.7,0.454,0
610,31/12/2021,31,12,2021,22.9,22.7,0.374,0
611,01/01/2022,1,1,2022,22.9,22.4,0.357,0
612,02/01/2022,2,1,2022,22.8,22.6,0.391,0
613,03/01/2022,3,1,2022,22.8,22.6,0.385,0
614,04/01/2022,4,1,2022,22.8,22.6,0.363,0
615,05/01/2022,5,1,2022,22.8,22.5,0.339,0
616,06/01/2022,6,1,2022,22.8,22.5,0.495,0
617,07/01/2022,7,1,2022,22.7,22.4,0.545,0
618,08/01/2022,8,1,2022,22.7,22.4,0.596,0
619,09/01/2022,9,1,2022,22.7,22.3,0.533,0
620,10/01/2022,10,1,2022,22.6,22.4,0.443,0
621,11/01/2022,11,1,2022,22.7,22.4,0.49,0
622,12/01/2022,12,1,2022,22.7,22.5,0.543,0
623,13/01/2022,13,1,2022,22.6,22.4,0.348,0
624,14/01/2022,14,1,2022,22.6,22.3,0.327,0
625,15/01/2022,15,1,2022,22.5,22.3,0.306,0
626,16/01/2022,16,1,2022,22.5,22.3,0.32,0
627,17/01/2022,17,1,2022,22.4,22,0.368,0
628,18/01/2022,18,1,2022,22.3,22,0.376,0
629,19/01/2022,19,1,2022,22.3,22.2,0.329,0
630,20/01/2022,20,1,2022,22.4,22.1,0.321,0
631,21/01/2022,21,1,2022,22.3,22.1,0.298,0
632,22/01/2022,22,1,2022,22.2,21.9,0.274,0
633,23/01/2022,23,1,2022,22.4,22,0.382,0
634,24/01/2022,24,1,2022,22.2,21.9,0.287,0
635,25/01/2022,25,1,2022,22.2,21.9,0.301,0
636,26/01/2022,26,1,2022,22.2,21.8,0.167,0
637,27/01/2022,27,1,2022,22.1,21.7,0.334,0
638,28/01/2022,28,1,2022,22.2,21.8,0.36,0
639,29/01/2022,29,1,2022,22,21.8,0.386,0
640,30/01/2022,30,1,2022,22,21.8,0.356,0
641,31/01/2022,31,1,2022,22.2,21.7,0.348,0
642,01/02/2022,1,2,2022,22.3,21.8,0.35,0
643,02/02/2022,2,2,2022,22.2,21.8,0.309,0
644,03/02/2022,3,2,2022,22.1,21.7,0.465,0
645,04/02/2022,4,2,2022,21.8,21.7,0.402,0
646,05/02/2022,5,2,2022,21.9,21.7,0.34,0
647,06/02/2022,6,2,2022,22,21.7,0.319,0
648,07/02/2022,7,2,2022,22,21.7,0.39,0
649,08/02/2022,8,2,2022,22.2,21.7,0.423,0
650,09/02/2022,9,2,2022,22.1,21.7,0.483,0
651,10/02/2022,10,2,2022,22.2,21.5,0.447,0
652,11/02/2022,11,2,2022,21.9,21.6,0.397,0
653,12/02/2022,12,2,2022,21.9,21.6,0.347,0
654,13/02/2022,13,2,2022,22.1,21.6,0.362,0
655,14/02/2022,14,2,2022,21.8,21.6,0.311,0
656,15/02/2022,15,2,2022,21.7,21.5,0.379,0
657,16/02/2022,16,2,2022,21.8,21.5,0.374,0
658,17/02/2022,17,2,2022,21.7,21.5,0.345,0
659,18/02/2022,18,2,2022,21.6,21.4,0.328,0
660,19/02/2022,19,2,2022,21.6,21.4,0.311,0
661,20/02/2022,20,2,2022,21.8,21.4,0.315,0
662,21/02/2022,21,2,2022,22,21.4,0.472,0
663,22/02/2022,22,2,2022,21.9,21.4,0.358,0
664,23/02/2022,23,2,2022,-,-,0.516,0
665,24/02/2022,24,2,2022,21.6,0,0.39,0
666,25/02/2022,25,2,2022,21.7,21.5,0.421,0
667,26/02/2022,26,2,2022,22,21.4,0.453,0
668,27/02/2022,27,2,2022,21.8,21.4,0.383,0
669,28/02/2022,28,2,2022,21.8,21.4,0.344,0
670,01/03/2022,1,3,2022,21.7,21.4,0.374,0
671,02/03/2022,2,3,2022,22.1,21.4,0.327,0
672,03/03/2022,3,3,2022,21.6,21.4,0.433,0
673,04/03/2022,4,3,2022,21.8,21.3,0.39,0
674,05/03/2022,5,3,2022,21.7,21.3,0.347,0
675,06/03/2022,6,3,2022,21.8,21.3,0.443,0
676,07/03/2022,7,3,2022,21.9,21.4,0.582,0
677,08/03/2022,8,3,2022,21.6,21.4,0.514,0
678,09/03/2022,9,3,2022,22,21.4,0.314,0
679,10/03/2022,10,3,2022,22.2,21.4,0.331,0
680,11/03/2022,11,3,2022,21.6,21.3,0.381,0
681,12/03/2022,12,3,2022,21.6,21.2,0.431,0
682,13/03/2022,13,3,2022,21.5,21.2,0.38,0
683,14/03/2022,14,3,2022,21.5,21.2,0.367,0
684,15/03/2022,15,3,2022,21.4,21.2,0.325,0
685,16/03/2022,16,3,2022,21.5,21.1,0.388,0
686,17/03/2022,17,3,2022,21.6,21.1,0.452,0
687,18/03/2022,18,3,2022,21.5,21.2,0.491,0
688,19/03/2022,19,3,2022,21.6,21.2,0.531,0
689,20/03/2022,20,3,2022,21.3,21.1,0.36,0
690,21/03/2022,21,3,2022,21.2,21.1,0.303,0
691,22/03/2022,22,3,2022,21.4,21,0.382,0
692,23/03/2022,23,3,2022,21.6,17.1,0.399,0
693,24/03/2022,24,3,2022,21.5,21,0.522,0
694,25/03/2022,25,3,2022,21.5,21,0.507,0
695,26/03/2022,26,3,2022,21.6,21,0.492,0
696,27/03/2022,27,3,2022,21.6,21.1,0.392,0
697,28/03/2022,28,3,2022,21.5,21.1,0.412,0
698,29/03/2022,29,3,2022,22.2,21.1,0.678,0
699,30/03/2022,30,3,2022,22.1,21.2,1.239,0
700,31/03/2022,31,3,2022,21.9,21.2,0.818,0
701,01/04/2022,1,4,2022,22.3,21.1,1.266,0
702,02/04/2022,2,4,2022,23.2,21.3,1.715,0
703,03/04/2022,3,4,2022,22.1,21.2,0.943,0
704,04/04/2022,4,4,2022,21.6,21.1,1.116,0
705,05/04/2022,5,4,2022,22.5,21.1,1.015,0
706,06/04/2022,6,4,2022,22.8,21.2,2.875,0
707,07/04/2022,7,4,2022,23.6,21.2,1.82,0
708,08/04/2022,8,4,2022,22.7,21.6,1.329,0
709,09/04/2022,9,4,2022,22.1,21.4,1.411,0
710,10/04/2022,10,4,2022,23.1,21.3,1.591,0
711,11/04/2022,11,4,2022,21.9,21.3,1.52,0
712,12/04/2022,12,4,2022,21.9,21.3,0.979,0
713,13/04/2022,13,4,2022,21.6,21.2,0.764,0
714,14/04/2022,14,4,2022,21.6,21.2,0.584,0
715,15/04/2022,15,4,2022,21.9,21.1,0.592,0
716,16/04/2022,16,4,2022,22.1,21.2,0.476,0
717,17/04/2022,17,4,2022,23.1,21.2,0.852,0
718,18/04/2022,18,4,2022,22.9,21.4,0.864,0
719,19/04/2022,19,4,2022,22.2,21.4,1.133,0
720,20/04/2022,20,4,2022,22,21.3,1.086,0
721,21/04/2022,21,4,2022,21.8,21.4,1.038,0
722,22/04/2022,22,4,2022,22,21.3,0.99,0
723,23/04/2022,23,4,2022,23.1,21.4,0.943,0
724,24/04/2022,24,4,2022,23,21.5,0.865,0
725,25/04/2022,25,4,2022,23,22,0.994,0
726,26/04/2022,26,4,2022,22.8,21.6,0.702,0
727,27/04/2022,27,4,2022,23.4,21.8,0.602,0
728,28/04/2022,28,4,2022,23.1,21.9,0.696,0
729,29/04/2022,29,4,2022,23.8,22,0.704,0
730,30/04/2022,30,4,2022,22.8,22.1,0.712,0
731,01/05/2022,1,5,2022,23.3,22.6,0.628,0
732,02/05/2022,2,5,2022,24.6,22.8,0.619,0
733,03/05/2022,3,5,2022,23.9,23.1,0.721,0
734,04/05/2022,4,5,2022,23.6,23,0.657,0
735,05/05/2022,5,5,2022,23.9,22.8,0.594,0
736,06/05/2022,6,5,2022,23.8,23.1,0.522,0
737,07/05/2022,7,5,2022,24.2,23.3,0.45,0
738,08/05/2022,8,5,2022,24.2,23.1,0.45,0
739,09/05/2022,9,5,2022,23.9,22.8,0.67,0
740,10/05/2022,10,5,2022,23.9,22.4,0.446,0
741,11/05/2022,11,5,2022,23.9,23,0.483,0
742,12/05/2022,12,5,2022,23.8,22.8,0.635,0
743,13/05/2022,13,5,2022,23.2,22.7,0.634,0
744,14/05/2022,14,5,2022,23.8,22.7,0.633,0
745,15/05/2022,15,5,2022,23.1,22.6,0.468,0
746,16/05/2022,16,5,2022,23.2,22.7,0.686,0
747,17/05/2022,17,5,2022,23.3,22.8,0.691,0
748,18/05/2022,18,5,2022,23.5,22.7,0.485,0
749,19/05/2022,19,5,2022,23.7,22.8,0.462,0
750,20/05/2022,20,5,2022,23.8,22.8,0.493,0
751,21/05/2022,21,5,2022,24,22.9,0.523,0
752,22/05/2022,22,5,2022,23.5,22.8,0.437,0
753,23/05/2022,23,5,2022,24.2,23,0.39,0
754,24/05/2022,24,5,2022,24.2,23.1,0.298,0
755,25/05/2022,25,5,2022,24,23.1,0.348,0
756,26/05/2022,26,5,2022,23.8,23.1,0.398,0
757,27/05/2022,27,5,2022,23.7,23,0.402,0
758,28/05/2022,28,5,2022,24.1,23,0.407,0
759,29/05/2022,29,5,2022,24.7,23.1,0.374,0
760,30/05/2022,30,5,2022,24.8,23.4,0.247,0
761,31/05/2022,31,5,2022,24,23.8,0.295,0
762,01/06/2022,1,6,2022,24.6,23.7,0.258,0
763,02/06/2022,2,6,2022,25.2,23.7,0.261,0
764,03/06/2022,3,6,2022,25.3,24.1,0.275,0
765,04/06/2022,4,6,2022,25,24.2,0.289,0
766,05/06/2022,5,6,2022,25.4,23.9,0.303,0
767,06/06/2022,6,6,2022,25.4,24.1,0.266,0
768,07/06/2022,7,6,2022,26,24.4,0.218,0
769,08/06/2022,8,6,2022,26.4,24.7,0.175,0
770,09/06/2022,9,6,2022,26.4,24.6,0.216,0
771,10/06/2022,10,6,2022,26.2,24.6,0.248,0
772,11/06/2022,11,6,2022,26.3,24.7,0.281,0
773,12/06/2022,12,6,2022,26.1,24.8,0.219,0
774,13/06/2022,13,6,2022,26.3,24.3,0.184,0
775,14/06/2022,14,6,2022,26,24.3,0.231,0
776,15/06/2022,15,6,2022,25.4,24.6,0.263,0
777,16/06/2022,16,6,2022,25,24.4,0.21,0
778,17/06/2022,17,6,2022,25.3,24.2,0.232,0
779,18/06/2022,18,6,2022,24.9,24.7,0.254,0
780,19/06/2022,19,6,2022,25.3,24.3,0.328,0
781,20/06/2022,20,6,2022,24.8,23.9,0.371,0
782,21/06/2022,21,6,2022,25.1,23.8,0.267,0
783,22/06/2022,22,6,2022,25.2,24.1,0.294,0
784,23/06/2022,23,6,2022,25.5,24,0.269,0
785,24/06/2022,24,6,2022,25.3,24.1,0.245,0
786,25/06/2022,25,6,2022,26.5,24.2,0.22,0
787,26/06/2022,26,6,2022,25.9,24.1,0.196,0
788,27/06/2022,27,6,2022,26.2,24.5,0.171,0
789,28/06/2022,28,6,2022,26.8,24.5,0.198,0
790,29/06/2022,29,6,2022,27,24.8,0.243,0
791,30/06/2022,30,6,2022,26.6,25.1,0.245,0
792,01/07/2022,1,7,2022,27.5,24.9,0.276,0
793,02/07/2022,2,7,2022,27.4,24.7,0.307,0
794,03/07/2022,3,7,2022,26.8,25.2,0.167,0
795,04/07/2022,4,7,2022,27.7,25.3,0.144,0
796,05/07/2022,5,7,2022,27.1,25.5,0.146,0
797,06/07/2022,6,7,2022,27.1,25.6,0.214,0
798,07/07/2022,7,7,2022,28.1,26.1,0.231,0
799,08/07/2022,8,7,2022,27.8,26.5,0.223,0
800,09/07/2022,9,7,2022,27.1,25.7,0.215,0
801,10/07/2022,10,7,2022,26.5,25.2,0.165,0
802,11/07/2022,11,7,2022,26.8,25.2,0.159,0
803,12/07/2022,12,7,2022,26.5,25.6,0.141,0
804,13/07/2022,13,7,2022,26.6,25.5,0.143,0
805,14/07/2022,14,7,2022,26.5,25.7,0.142,0
806,15/07/2022,15,7,2022,26.2,25.5,0.155,0
807,16/07/2022,16,7,2022,26.5,25.3,0.168,0
808,17/07/2022,17,7,2022,26.2,25.2,0.163,0
809,18/07/2022,18,7,2022,26.6,25,0.159,0
810,19/07/2022,19,7,2022,26.7,25.1,0.158,0
811,20/07/2022,20,7,2022,26.8,25.3,0.129,0
812,21/07/2022,21,7,2022,26.6,25.6,0.17,0
813,22/07/2022,22,7,2022,25.7,25.5,0.17,0
814,23/07/2022,23,7,2022,26.3,25.4,0.17,0
815,24/07/2022,24,7,2022,26.1,25.4,0.152,0
816,25/07/2022,25,7,2022,26.8,25.4,0.143,0
817,26/07/2022,26,7,2022,28.2,25.8,0.132,0
818,27/07/2022,27,7,2022,27.6,25.8,0.13,0
819,28/07/2022,28,7,2022,27.3,26.3,0.148,0
820,29/07/2022,29,7,2022,27.7,27.2,0.152,0
821,30/07/2022,30,7,2022,27.6,26.8,0.156,0.1529
822,31/07/2022,31,7,2022,27.7,26.8,0.199,0.1529
823,01/08/2022,1,8,2022,27.8,26.7,0.217,0.3014
824,02/08/2022,2,8,2022,29.1,26.7,0.154,0.47
825,03/08/2022,3,8,2022,27.7,26.3,0.161,0.6286
826,04/08/2022,4,8,2022,27.7,26.9,0.156,0.7914
827,05/08/2022,5,8,2022,27.9,26.6,0.153,0.97
828,06/08/2022,6,8,2022,28.2,26.7,0.15,1.1929
829,07/08/2022,7,8,2022,28.2,27.3,0.146,1.4571
830,08/08/2022,8,8,2022,28.4,27.1,0.164,1.7386
831,09/08/2022,9,8,2022,28.3,27.1,0.165,1.93
832,10/08/2022,10,8,2022,27.9,27.1,0.165,1.93
833,11/08/2022,11,8,2022,27.7,27,0.166,1.93
834,12/08/2022,12,8,2022,27.8,27,0.148,2.0843
835,13/08/2022,13,8,2022,27.6,26.7,0.131,2.0843
836,14/08/2022,14,8,2022,27.6,26.8,0.129,2.0843
837,15/08/2022,15,8,2022,27.6,27,0.14,2.0843
838,16/08/2022,16,8,2022,27.7,27,0.153,2.0843
839,17/08/2022,17,8,2022,27.7,26.9,0.153,2.0843
840,18/08/2022,18,8,2022,27.7,26.6,0.148,2.2429
841,19/08/2022,19,8,2022,27.5,26.3,0.14,2.4257
842,20/08/2022,20,8,2022,28.1,26.6,0.132,2.6129
843,21/08/2022,21,8,2022,28.6,27.1,0.119,2.84
844,22/08/2022,22,8,2022,29.4,27.1,0.225,3.0657
845,23/08/2022,23,8,2022,29,27.6,0.284,3.3143
846,24/08/2022,24,8,2022,30.6,27.8,0.226,3.5429
847,25/08/2022,25,8,2022,29.3,27.7,0.18,3.7957
848,26/08/2022,26,8,2022,28.4,27.2,0.165,4.0157
849,27/08/2022,27,8,2022,28.2,27.3,0.151,4.22
850,28/08/2022,28,8,2022,28.4,27.3,0.155,4.3771
851,29/08/2022,29,8,2022,28.8,27.1,0.131,4.5557
852,30/08/2022,30,8,2022,28.4,27.2,0.132,4.7157
853,31/08/2022,31,8,2022,28.1,27.3,0.152,4.9429
854,01/09/2022,1,9,2022,28.1,27.2,0.155,5.1271
855,02/09/2022,2,9,2022,28.3,27.3,0.157,5.3257
856,03/09/2022,3,9,2022,27.9,27,0.16,5.4929
857,04/09/2022,4,9,2022,27.6,27,0.177,5.4929
858,05/09/2022,5,9,2022,27.9,26.8,0.144,5.6357
859,06/09/2022,6,9,2022,27.8,26.9,0.193,5.8
860,07/09/2022,7,9,2022,28.4,26.9,0.179,5.8
861,08/09/2022,8,9,2022,27.6,27,0.14,5.8
862,09/09/2022,9,9,2022,27.4,26.7,0.152,5.9443
863,10/09/2022,10,9,2022,27,26.4,0.165,5.9443
864,11/09/2022,11,9,2022,27,26.3,0.116,5.9443
865,12/09/2022,12,9,2022,27.3,26.4,0.117,5.9443
866,13/09/2022,13,9,2022,27.6,26.4,0.13,5.9443
867,14/09/2022,14,9,2022,27.6,26.6,0.11,5.9443
868,15/09/2022,15,9,2022,27,26.4,0.115,5.9443
869,16/09/2022,16,9,2022,27,26.4,0.129,5.9443
870,17/09/2022,17,9,2022,27.1,26.4,0.144,5.9443
871,18/09/2022,18,9,2022,27.3,26.5,0.152,5.9443
872,19/09/2022,19,9,2022,27.6,26.6,0.148,5.9443
873,20/09/2022,20,9,2022,27.8,26.4,0.167,5.9443
874,21/09/2022,21,9,2022,27.7,26.5,0.144,5.9443
875,22/09/2022,22,9,2022,27.8,26.6,0.17,5.9443
876,23/09/2022,23,9,2022,27.6,26.6,0.166,5.9443
877,24/09/2022,24,9,2022,27.1,26.6,0.163,5.9443
878,25/09/2022,25,9,2022,27.1,26.5,0.159,5.9443
879,26/09/2022,26,9,2022,27.1,26.5,0.156,5.9443
880,27/09/2022,27,9,2022,27.2,26.5,0.152,5.9443
881,28/09/2022,28,9,2022,27.1,26.5,0.149,5.9443
882,29/09/2022,29,9,2022,26.9,26.6,0.178,5.9443
883,30/09/2022,30,9,2022,27.1,26.4,0.173,5.9443
884,01/10/2022,1,10,2022,27,26,0.167,5.9443
885,02/10/2022,2,10,2022,27,25.9,0.182,5.9443
886,03/10/2022,3,10,2022,27.4,26.2,0.18,5.9443
887,04/10/2022,4,10,2022,27.8,26.2,0.177,5.9443
888,05/10/2022,5,10,2022,27.2,26.5,0.175,5.9443
889,06/10/2022,6,10,2022,27.1,26.5,0.191,5.9443
890,07/10/2022,7,10,2022,27,26.4,0.19,5.9443
891,08/10/2022,8,10,2022,26.8,26.3,0.189,5.9443
892,09/10/2022,9,10,2022,26.6,26.1,0.188,5.9443
893,10/10/2022,10,10,2022,26.5,26.1,0.186,5.9443
894,11/10/2022,11,10,2022,26.6,26.1,0.19,5.9443
895,12/10/2022,12,10,2022,26.7,26.1,0.222,5.9443
896,13/10/2022,13,10,2022,26.6,26,0.192,5.9443
897,14/10/2022,14,10,2022,26.6,26,0.214,5.9443
898,15/10/2022,15,10,2022,26.8,26,0.237,5.9443
899,16/10/2022,16,10,2022,26.8,25.9,0.26,5.9443
900,17/10/2022,17,10,2022,26.6,26,0.283,5.9443
901,18/10/2022,18,10,2022,26.5,26,0.248,5.9443
902,19/10/2022,19,10,2022,26.4,26,0.217,5.9443
903,20/10/2022,20,10,2022,26.3,26,0.224,5.9443
904,21/10/2022,21,10,2022,26.5,25.9,0.235,5.9443
905,22/10/2022,22,10,2022,26.3,25.9,0.246,5.7914
906,23/10/2022,23,10,2022,26.4,25.7,0.288,5.7914
907,24/10/2022,24,10,2022,26,25.6,0.232,5.6429
908,25/10/2022,25,10,2022,26.3,25.6,0.28,5.4743
909,26/10/2022,26,10,2022,26.6,25.5,0.202,5.3157
910,27/10/2022,27,10,2022,26.1,25.6,0.189,5.1529
911,28/10/2022,28,10,2022,26,25.6,0.208,4.9743
912,29/10/2022,29,10,2022,26.1,25.6,0.227,4.7514
913,30/10/2022,30,10,2022,26.3,25.5,0.287,4.4871
914,31/10/2022,31,10,2022,25.9,25.5,0.278,4.2057
915,01/11/2022,1,11,2022,25.8,25.4,0.268,4.0143
916,02/11/2022,2,11,2022,25.7,25.4,0.276,4.0143
917,03/11/2022,3,11,2022,25.6,25.3,0.294,4.0143
918,04/11/2022,4,11,2022,25.6,25.2,0.311,3.86
919,05/11/2022,5,11,2022,25.4,25.2,0.328,3.86
920,06/11/2022,6,11,2022,25.7,25.2,0.306,3.86
921,07/11/2022,7,11,2022,25.7,25.1,0.301,3.86
922,08/11/2022,8,11,2022,25.7,25.1,0.248,3.86
923,09/11/2022,9,11,2022,25.5,25,0.248,3.86
924,10/11/2022,10,11,2022,25.3,24.9,0.245,3.7014
925,11/11/2022,11,11,2022,25.1,25,0.262,3.5186
926,12/11/2022,12,11,2022,25.1,24.9,0.28,3.3314
927,13/11/2022,13,11,2022,25.1,24.8,0.255,3.1043
928,14/11/2022,14,11,2022,25.3,24.8,0.306,2.8786
929,15/11/2022,15,11,2022,25.2,24.8,0.319,2.63
930,16/11/2022,16,11,2022,25,24.8,0.316,2.4014
931,17/11/2022,17,11,2022,24.9,24.8,0.308,2.1486
932,18/11/2022,18,11,2022,24.9,24.7,0.287,1.9286
933,19/11/2022,19,11,2022,24.9,24.6,0.265,1.7243
934,20/11/2022,20,11,2022,25,24.6,0.267,1.5671
935,21/11/2022,21,11,2022,25.1,24.6,0.301,1.3886
936,22/11/2022,22,11,2022,24.7,24.5,0.298,1.2286
937,23/11/2022,23,11,2022,24.6,24.4,0.27,1.0014
938,24/11/2022,24,11,2022,24.6,24.4,0.3,0.8171
939,25/11/2022,25,11,2022,24.7,24.4,0.303,0.6186
940,26/11/2022,26,11,2022,24.7,24.4,0.307,0.4514
941,27/11/2022,27,11,2022,24.6,24.3,0.353,0.4514
942,28/11/2022,28,11,2022,24.4,24.3,0.334,0.3086
943,29/11/2022,29,11,2022,24.4,24.2,0.373,0.1443
944,30/11/2022,30,11,2022,24.4,24.2,0.368,0.1443
945,01/12/2022,1,12,2022,24.3,24.1,0.391,0.1443
946,02/12/2022,2,12,2022,24.2,24,0.411,0
947,03/12/2022,3,12,2022,24.1,24,0.431,0
948,04/12/2022,4,12,2022,24.1,23.9,0.364,0
949,05/12/2022,5,12,2022,24.1,23.8,0.289,0
950,06/12/2022,6,12,2022,24,23.9,0.331,0
951,07/12/2022,7,12,2022,24,23.8,0.291,0
952,08/12/2022,8,12,2022,24,23.8,0.285,0
953,09/12/2022,9,12,2022,23.9,23.7,0.288,0
954,10/12/2022,10,12,2022,23.8,23.7,0.292,0
955,11/12/2022,11,12,2022,23.8,23.6,0.355,0
956,12/12/2022,12,12,2022,23.8,23.6,0.396,0
957,13/12/2022,13,12,2022,24,23.6,0.443,0
958,14/12/2022,14,12,2022,24,23.6,0.472,0
959,15/12/2022,15,12,2022,23.8,23.5,0.504,0
960,16/12/2022,16,12,2022,23.7,23.5,0.423,0
961,17/12/2022,17,12,2022,23.8,23.5,0.342,0
962,18/12/2022,18,12,2022,23.7,23.5,0.454,0
963,19/12/2022,19,12,2022,23.6,23.4,0.396,0
964,20/12/2022,20,12,2022,23.5,23.3,0.345,0
965,21/12/2022,21,12,2022,23.5,23.3,0.296,0
966,22/12/2022,22,12,2022,23.5,23.3,0.305,0
967,23/12/2022,23,12,2022,23.4,23.3,0.334,0
968,24/12/2022,24,12,2022,23.5,23.3,0.364,0
969,25/12/2022,25,12,2022,23.5,23.2,0.308,0
970,26/12/2022,26,12,2022,23.5,23.2,0.309,0
971,27/12/2022,27,12,2022,23.4,23.1,0.269,0
972,28/12/2022,28,12,2022,23.4,23.1,0.308,0
973,29/12/2022,29,12,2022,23.3,23.1,0.336,0
974,30/12/2022,30,12,2022,23.2,23,0.381,0
975,31/12/2022,31,12,2022,23.2,23,0.426,0
976,01/01/2023,1,1,2023,23.1,23,0.394,0
977,02/01/2023,2,1,2023,23.2,22.9,0.419,0
978,03/01/2023,3,1,2023,23.1,22.9,0.345,0
979,04/01/2023,4,1,2023,23,22.8,0.337,0
980,05/01/2023,5,1,2023,23.1,22.8,0.487,0
981,06/01/2023,6,1,2023,23,22.7,0.461,0
982,07/01/2023,7,1,2023,23,22.6,0.435,0
983,08/01/2023,8,1,2023,22.9,22.7,0.438,0
984,09/01/2023,9,1,2023,22.8,22.6,0.37,0
985,10/01/2023,10,1,2023,22.9,22.7,0.368,0
986,11/01/2023,11,1,2023,23,22.7,0.324,0
987,12/01/2023,12,1,2023,22.9,22.6,0.287,0
988,13/01/2023,13,1,2023,22.8,22.6,0.314,0
989,14/01/2023,14,1,2023,22.9,22.6,0.341,0
990,15/01/2023,15,1,2023,23,22.6,0.329,0
991,16/01/2023,16,1,2023,22.8,22.5,0.359,0
992,17/01/2023,17,1,2023,22.8,22.4,0.331,0
993,18/01/2023,18,1,2023,22.7,22.4,0.371,0
994,19/01/2023,19,1,2023,22.8,22.4,0.341,0
995,20/01/2023,20,1,2023,22.7,22.4,0.312,0
996,21/01/2023,21,1,2023,22.5,22.4,0.283,0
997,22/01/2023,22,1,2023,22.5,22.3,0.254,0
998,23/01/2023,23,1,2023,22.5,22.3,0.242,0
999,24/01/2023,24,1,2023,22.5,22.3,0.253,0
1000,25/01/2023,25,1,2023,22.5,22.3,0.31,0
1001,26/01/2023,26,1,2023,22.5,22.2,0.447,0
1002,27/01/2023,27,1,2023,22.6,22.2,0.434,0
1003,28/01/2023,28,1,2023,22.5,22.2,0.422,0
1004,29/01/2023,29,1,2023,22.4,22.2,0.415,0
1005,30/01/2023,30,1,2023,22.3,22.2,0.317,0
1006,31/01/2023,31,1,2023,22.4,22.1,0.366,0
1007,01/02/2023,1,2,2023,22.4,22.1,0.373,0
1008,02/02/2023,2,2,2023,22.5,22.1,0.353,0
1009,03/02/2023,3,2,2023,22.4,22,0.378,0
1010,04/02/2023,4,2,2023,22.6,22,0.402,0
1011,05/02/2023,5,2,2023,22.5,22.1,0.321,0
1012,06/02/2023,6,2,2023,22.3,22,0.244,0
1013,07/02/2023,7,2,2023,22.3,21.9,0.248,0
1014,08/02/2023,8,2,2023,22.3,22,0.258,0
1015,09/02/2023,9,2,2023,22.2,21.9,0.31,0
1016,10/02/2023,10,2,2023,22.1,21.9,0.327,0
1017,11/02/2023,11,2,2023,22,21.8,0.343,0
1018,12/02/2023,12,2,2023,22,21.8,0.407,0
1019,13/02/2023,13,2,2023,21.9,21.7,0.398,0
1020,14/02/2023,14,2,2023,21.9,21.6,0.437,0
1021,15/02/2023,15,2,2023,22,21.7,0.458,0
1022,16/02/2023,16,2,2023,22,21.7,0.479,0
1023,17/02/2023,17,2,2023,21.9,21.6,0.469,0
1024,18/02/2023,18,2,2023,21.9,21.6,0.46,0
1025,19/02/2023,19,2,2023,22,21.6,0.48,0
1026,20/02/2023,20,2,2023,21.9,21.5,0.378,0
1027,21/02/2023,21,2,2023,21.9,21.4,0.298,0
1028,22/02/2023,22,2,2023,21.9,21.5,0.314,0
1029,23/02/2023,23,2,2023,21.9,21.5,0.281,0
1030,24/02/2023,24,2,2023,21.9,21.5,0.327,0
1031,25/02/2023,25,2,2023,21.9,21.4,0.373,0
1032,26/02/2023,26,2,2023,21.9,21.4,0.455,0
1033,27/02/2023,27,2,2023,22,21.4,0.486,0
1034,28/02/2023,28,2,2023,22.4,21.6,0.82,0
1035,01/03/2023,1,3,2023,22.9,21.6,1.455,0
1036,02/03/2023,2,3,2023,22.5,21.7,1.389,0
1037,03/03/2023,3,3,2023,22.9,21.6,1.024,0
1038,04/03/2023,4,3,2023,22.4,21.8,0.658,0
1039,05/03/2023,5,3,2023,22.7,21.6,0.659,0
1040,06/03/2023,6,3,2023,22.2,21.7,0.513,0
1041,07/03/2023,7,3,2023,22,21.7,0.367,0
1042,08/03/2023,8,3,2023,22.1,21.6,0.296,0
1043,09/03/2023,9,3,2023,22.3,21.6,0.327,0
1044,10/03/2023,10,3,2023,22.4,21.6,0.418,0
1045,11/03/2023,11,3,2023,22.9,21.5,0.509,0
1046,12/03/2023,12,3,2023,22.8,21.6,0.761,0
1047,13/03/2023,13,3,2023,22.4,21.7,0.675,0
1048,14/03/2023,14,3,2023,21.9,21.7,0.904,0
1049,15/03/2023,15,3,2023,22.2,21.6,0.452,0
1050,16/03/2023,16,3,2023,22.6,21.9,0.468,0
1051,17/03/2023,17,3,2023,22.7,21.8,0.468,0
1052,18/03/2023,18,3,2023,23.2,21.9,0.468,0
1053,19/03/2023,19,3,2023,22.8,21.8,0.517,0
1054,20/03/2023,20,3,2023,22.5,22,0.442,0
1055,21/03/2023,21,3,2023,22.6,22,0.496,0
1056,22/03/2023,22,3,2023,22.9,21.9,0.453,0
1057,23/03/2023,23,3,2023,22.1,21.8,0.521,0
1058,24/03/2023,24,3,2023,23.3,21.8,0.525,0
1059,25/03/2023,25,3,2023,22.8,21.9,0.53,0
1060,26/03/2023,26,3,2023,22.5,21.9,0.577,0
1061,27/03/2023,27,3,2023,22.9,21.8,0.497,0
1062,28/03/2023,28,3,2023,23.6,21.9,0.37,0
1063,29/03/2023,29,3,2023,23,22,0.366,0
1064,30/03/2023,30,3,2023,22.3,21.9,0.363,0
1065,31/03/2023,31,3,2023,22.2,21.8,0.36,0
1066,01/04/2023,1,4,2023,22.2,21.8,0.356,0
1067,02/04/2023,2,4,2023,22.4,21.7,0.399,0
1068,03/04/2023,3,4,2023,23.2,21.7,0.443,0
1069,04/04/2023,4,4,2023,22.7,21.8,0.424,0
1070,05/04/2023,5,4,2023,22.5,21.8,0.405,0
1071,06/04/2023,6,4,2023,22.8,21.9,0.387,0
1072,07/04/2023,7,4,2023,22.6,21.9,0.368,0
1073,08/04/2023,8,4,2023,23.3,21.8,0.349,0
1074,09/04/2023,9,4,2023,22.9,21.8,0.366,0
1075,10/04/2023,10,4,2023,23,22.1,0.383,0
1076,11/04/2023,11,4,2023,22.5,22.2,0.4,0
1077,12/04/2023,12,4,2023,22.3,22.1,0.417,0
1078,13/04/2023,13,4,2023,22.9,22,0.357,0
1079,14/04/2023,14,4,2023,22.9,22,0.354,0
1080,15/04/2023,15,4,2023,22.8,22,0.351,0
1081,16/04/2023,16,4,2023,23,22.1,0.287,0
1082,17/04/2023,17,4,2023,24,22.3,0.238,0
1083,18/04/2023,18,4,2023,25.3,22.4,0.311,0
1084,19/04/2023,19,4,2023,25.2,22.6,0.304,0
1085,20/04/2023,20,4,2023,23.6,22.9,0.34,0
1086,21/04/2023,21,4,2023,23.1,22.4,0.319,0
1087,22/04/2023,22,4,2023,22.8,22.3,0.299,0
1088,23/04/2023,23,4,2023,22.4,22.2,0.285,0
1089,24/04/2023,24,4,2023,22.8,22.1,0.276,0
1090,25/04/2023,25,4,2023,22.8,22.1,0.256,0
1091,26/04/2023,26,4,2023,23.1,22.2,0.237,0
1092,27/04/2023,27,4,2023,23.8,22.3,0.238,0
1093,28/04/2023,28,4,2023,23.9,22.3,0.261,0
1094,29/04/2023,29,4,2023,23.5,22.1,0.283,0
1095,30/04/2023,30,4,2023,23.1,22.1,0.284,0
1096,01/05/2023,1,5,2023,22.9,22.2,0.303,0
1097,02/05/2023,2,5,2023,22.8,22.1,0.275,0
1098,03/05/2023,3,5,2023,22.9,22.2,0.286,0
1099,04/05/2023,4,5,2023,24.3,22.1,0.249,0
1100,05/05/2023,5,5,2023,23.5,22.4,0.233,0
1101,06/05/2023,6,5,2023,23.9,22.2,0.217,0
1102,07/05/2023,7,5,2023,24.3,22.7,0.24,0
1103,08/05/2023,8,5,2023,24.1,23,0.262,0
1104,09/05/2023,9,5,2023,24.4,23,0.263,0
1105,10/05/2023,10,5,2023,24.2,23.1,0.231,0
1106,11/05/2023,11,5,2023,24.8,23.2,0.235,0
1107,12/05/2023,12,5,2023,24.5,23.1,0.226,0
1108,13/05/2023,13,5,2023,24.7,23.8,0.217,0
1109,14/05/2023,14,5,2023,24,23.5,0.257,0
1110,15/05/2023,15,5,2023,24.2,23.4,0.21,0
1111,16/05/2023,16,5,2023,24.5,23.4,0.173,0
1112,17/05/2023,17,5,2023,24.6,23.5,0.236,0
1113,18/05/2023,18,5,2023,24.7,23.7,0.205,0
1114,19/05/2023,19,5,2023,24.4,23.7,0.227,0
1115,20/05/2023,20,5,2023,24.6,23.6,0.25,0
1116,21/05/2023,21,5,2023,24.6,23.5,0.16,0
1117,22/05/2023,22,5,2023,24,23.4,0.263,0
1118,23/05/2023,23,5,2023,24.6,23.7,0.258,0
1119,24/05/2023,24,5,2023,25.3,23.8,0.254,0
1120,25/05/2023,25,5,2023,25.8,23.7,0.25,0
1121,26/05/2023,26,5,2023,25.3,24,0.246,0
1122,27/05/2023,27,5,2023,24.2,23.6,0.242,0
1123,28/05/2023,28,5,2023,25.3,23.5,0.305,0
1124,29/05/2023,29,5,2023,24.9,23.8,0.368,0
1125,30/05/2023,30,5,2023,26.2,24.3,0.199,0
1126,31/05/2023,31,5,2023,26.1,24,0.169,0
1127,01/06/2023,1,6,2023,25.6,23.9,0.192,0
1128,02/06/2023,2,6,2023,25.6,23.9,0.174,0
1129,03/06/2023,3,6,2023,27.2,24.4,0.156,0
1130,04/06/2023,4,6,2023,25.6,24.6,0.259,0
1131,05/06/2023,5,6,2023,25,24.4,0.246,0
1132,06/06/2023,6,6,2023,25.1,24.4,0.19,0
1133,07/06/2023,7,6,2023,25.7,24.4,0.182,0
1134,08/06/2023,8,6,2023,25.3,24.5,0.267,0
1135,09/06/2023,9,6,2023,26,24.3,0.247,0
1136,10/06/2023,10,6,2023,25.7,24.5,0.226,0
1137,11/06/2023,11,6,2023,26.1,24.6,0.164,0
1138,12/06/2023,12,6,2023,26.6,24.9,0.231,0
1139,13/06/2023,13,6,2023,26.6,25.1,0.282,0
1140,14/06/2023,14,6,2023,26.2,25.2,0.219,0
1141,15/06/2023,15,6,2023,26,25.1,0.167,0
1142,16/06/2023,16,6,2023,26.5,25.1,0.139,0
1143,17/06/2023,17,6,2023,26.3,25.2,0.111,0
1144,18/06/2023,18,6,2023,26.3,25.1,0.151,0
1145,19/06/2023,19,6,2023,26.5,25.1,0.181,0
1146,20/06/2023,20,6,2023,26.2,25.4,0.15,0
1147,21/06/2023,21,6,2023,26.2,25.2,0.134,0
1148,22/06/2023,22,6,2023,26.2,25.2,0.132,0
1149,23/06/2023,23,6,2023,26,25.4,0.153,0
1150,24/06/2023,24,6,2023,26.1,25.2,0.174,0
1151,25/06/2023,25,6,2023,26.1,24.8,0.136,0
1152,26/06/2023,26,6,2023,26.4,24.8,0.122,0
1153,27/06/2023,27,6,2023,26.7,25.2,0.205,0
1154,28/06/2023,28,6,2023,26.6,25.5,0.113,0
1155,29/06/2023,29,6,2023,26.4,25.3,0.168,0
1156,30/06/2023,30,6,2023,26.5,25.7,0.166,0
1157,01/07/2023,1,7,2023,26.3,25.5,0.164,0
1158,02/07/2023,2,7,2023,26.6,25.2,0.168,0
1159,03/07/2023,3,7,2023,26.2,25,0.139,0
1160,04/07/2023,4,7,2023,26.4,25.4,0.166,0
1161,05/07/2023,5,7,2023,26.6,25.5,0.168,0
1162,06/07/2023,6,7,2023,26.7,25.3,0.153,0
1163,07/07/2023,7,7,2023,26.4,25.1,0.201,0
1164,08/07/2023,8,7,2023,26.9,25.4,0.248,0
1165,09/07/2023,9,7,2023,27.1,25.4,0.125,0
1166,10/07/2023,10,7,2023,27.6,25.4,0.156,0
1167,11/07/2023,11,7,2023,27.1,25.3,0.168,0
1168,12/07/2023,12,7,2023,26.5,25.6,0.178,0
1169,13/07/2023,13,7,2023,26.4,25.4,0.183,0
1170,14/07/2023,14,7,2023,26.1,25.3,0.189,0
1171,15/07/2023,15,7,2023,26.1,25.2,0.194,0
1172,16/07/2023,16,7,2023,26.7,25.2,0.148,0.1471
1173,17/07/2023,17,7,2023,27,25.6,0.16,0.33
1174,18/07/2023,18,7,2023,28.4,25.9,0.117,0.5157
1175,19/07/2023,19,7,2023,28,0,0.146,0.7171
1176,20/07/2023,20,7,2023,28.4,26.2,0.148,0.9386
1177,21/07/2023,21,7,2023,28.5,26.9,0.161,1.1986
1178,22/07/2023,22,7,2023,27.8,27.2,0.173,1.4071
1179,23/07/2023,23,7,2023,28.2,27.3,0.145,1.6557
1180,24/07/2023,24,7,2023,29,27.2,0.127,1.9429
1181,25/07/2023,25,7,2023,29.4,27.1,0.175,2.26
1182,26/07/2023,26,7,2023,30.4,27.1,0.183,2.5243
1183,27/07/2023,27,7,2023,29.3,27.8,0.19,2.8843
1184,28/07/2023,28,7,2023,30.3,27.7,0.201,3.2743
1185,29/07/2023,29,7,2023,29.8,28.4,0.211,3.6157
1186,30/07/2023,30,7,2023,29.4,28.3,0.155,3.9257
1187,31/07/2023,31,7,2023,30,28.4,0.173,4.2486
1188,01/08/2023,1,8,2023,30,28.6,0.186,4.5943
1189,02/08/2023,2,8,2023,28.7,28.7,0.229,4.9757
1190,03/08/2023,3,8,2023,30.1,28.4,0.151,5.3829
1191,04/08/2023,4,8,2023,29.1,28.2,0.17,5.7314
1192,05/08/2023,5,8,2023,29.8,28.3,0.189,6.0829
1193,06/08/2023,6,8,2023,30.2,28.4,0.202,6.4214
1194,07/08/2023,7,8,2023,29.5,28.3,0.16,6.7657
1195,08/08/2023,8,8,2023,29.6,28.4,0.176,7.1371
1196,09/08/2023,9,8,2023,29.6,28.2,0.2,7.5171
1197,10/08/2023,10,8,2023,29.4,28.5,0.181,7.8943
1198,11/08/2023,11,8,2023,29,28.4,0.179,8.2143
1199,12/08/2023,12,8,2023,29.3,28.3,0.177,8.5143
1200,13/08/2023,13,8,2023,29.4,28.4,0.236,8.84
1201,14/08/2023,14,8,2023,29.1,28.3,0.188,9.2114
1202,15/08/2023,15,8,2023,29,28,0.178,9.5629
1203,16/08/2023,16,8,2023,28.7,27.9,0.198,9.89
1204,17/08/2023,17,8,2023,28.4,27.4,0.181,10.2243
1205,18/08/2023,18,8,2023,28.2,27.4,0.189,10.5529
1206,19/08/2023,19,8,2023,28,27.2,0.197,10.8671
1207,20/08/2023,20,8,2023,27.4,27.1,0.205,11.1586
1208,21/08/2023,21,8,2023,27.7,26.9,0.185,11.4086
1209,22/08/2023,22,8,2023,27.4,26.8,0.178,11.6714
1210,23/08/2023,23,8,2023,27.2,26.5,0.175,11.9157
1211,24/08/2023,24,8,2023,27.2,26.4,0.174,12.1257
1212,25/08/2023,25,8,2023,27.2,26.3,0.178,12.29
1213,26/08/2023,26,8,2023,27.2,26.3,0.182,12.4586
1214,27/08/2023,27,8,2023,28,26.4,0.126,12.6243
1215,28/08/2023,28,8,2023,28.4,26.2,0.155,12.7957
1216,29/08/2023,29,8,2023,27.9,26.1,0.184,12.9571
1217,30/08/2023,30,8,2023,27.8,26.4,0.117,13.1443
1218,31/08/2023,31,8,2023,27.6,26.8,0.153,13.3143
1219,01/09/2023,1,9,2023,27.4,26.8,0.164,13.4871
1220,02/09/2023,2,9,2023,27.4,26.6,0.175,13.6471
1221,03/09/2023,3,9,2023,27.2,26.6,0.169,13.7957
1222,04/09/2023,4,9,2023,27.5,26.7,0.167,13.7957
1223,05/09/2023,5,9,2023,28.4,26.8,0.198,13.7957
1224,06/09/2023,6,9,2023,28,27.1,0.195,13.7957
1225,07/09/2023,7,9,2023,27.9,26.9,0.162,13.7957
1226,08/09/2023,8,9,2023,28.6,27.3,0.171,13.9629
1227,09/09/2023,9,9,2023,28,27.2,0.18,13.9629
1228,10/09/2023,10,9,2023,28.4,27.3,0.153,13.9629
1229,11/09/2023,11,9,2023,29.3,27.3,0.155,14.1186
1230,12/09/2023,12,9,2023,28.5,27.4,0.267,14.1186
1231,13/09/2023,13,9,2023,29.2,27.4,0.198,14.1186
1232,14/09/2023,14,9,2023,27.9,27.4,0.196,14.1186
1233,15/09/2023,15,9,2023,27.7,27.2,0.194,14.1186
1234,16/09/2023,16,9,2023,27.6,27.1,0.193,14.1186
1235,17/09/2023,17,9,2023,27.5,27,0.191,14.1186
1236,18/09/2023,18,9,2023,27.5,26.9,0.151,14.2643
1237,19/09/2023,19,9,2023,27.7,27,0.181,14.2643
1238,20/09/2023,20,9,2023,27.6,27,0.176,14.2643
1239,21/09/2023,21,9,2023,27.4,26.8,0.153,14.2643
1240,22/09/2023,22,9,2023,27.5,26.9,0.161,14.2643
1241,23/09/2023,23,9,2023,27.6,26.8,0.169,14.2643
1242,24/09/2023,24,9,2023,27.5,26.7,0.177,14.2643
1243,25/09/2023,25,9,2023,27.4,26.7,0.185,14.2643
1244,26/09/2023,26,9,2023,27.2,26.6,0.181,14.2643
1245,27/09/2023,27,9,2023,27,26.6,0.202,14.2643
1246,28/09/2023,28,9,2023,26.9,26.5,0.276,14.2643
1247,29/09/2023,29,9,2023,27,26.4,0.236,14.2643
1248,30/09/2023,30,9,2023,26.9,26.4,0.196,14.2643
1249,01/10/2023,1,10,2023,27,26.4,0.209,14.2643
1250,02/10/2023,2,10,2023,26.5,26.2,0.28,14.2643
1251,03/10/2023,3,10,2023,26.4,26.2,0.236,14.2643
1252,04/10/2023,4,10,2023,26.6,26.2,0.19,14.2643
1253,05/10/2023,5,10,2023,26.5,26.1,0.281,14.2643
1254,06/10/2023,6,10,2023,26.6,25.8,0.242,14.2643
1255,07/10/2023,7,10,2023,26.3,25.8,0.202,14.2643
1256,08/10/2023,8,10,2023,26.5,25.7,0.191,14.1171
1257,09/10/2023,9,10,2023,26.3,25.6,0.18,13.9343
1258,10/10/2023,10,10,2023,26.4,25.6,0.19,13.7486
1259,11/10/2023,11,10,2023,26.2,25.6,0.177,13.5471
1260,12/10/2023,12,10,2023,26.2,25.6,0.225,13.3257
1261,13/10/2023,13,10,2023,26,25.6,0.212,13.0657
1262,14/10/2023,14,10,2023,26.1,25.6,0.199,12.8571
1263,15/10/2023,15,10,2023,26.7,25.5,0.289,12.6086
1264,16/10/2023,16,10,2023,26.1,25.6,0.243,12.3214
1265,17/10/2023,17,10,2023,26.1,25.6,0.231,12.0043
1266,18/10/2023,18,10,2023,26.1,25.5,0.236,11.74
1267,19/10/2023,19,10,2023,25.8,25.5,0.267,11.38
1268,20/10/2023,20,10,2023,26.1,25.5,0.318,10.99
1269,21/10/2023,21,10,2023,25.9,25.5,0.369,10.6486
1270,22/10/2023,22,10,2023,26.2,25.5,0.24,10.3386
1271,23/10/2023,23,10,2023,26.1,25.6,0.186,10.0157
1272,24/10/2023,24,10,2023,26.2,25.6,0.25,9.67
1273,25/10/2023,25,10,2023,26.3,25.5,0.236,9.2886
1274,26/10/2023,26,10,2023,27.4,25.5,0.22,8.8814
1275,27/10/2023,27,10,2023,-,-,0.241,8.5329
1276,28/10/2023,28,10,2023,-,-,0.261,8.1814
1277,29/10/2023,29,10,2023,-,-,0.307,7.8429
1278,30/10/2023,30,10,2023,26,0,0.252,7.4986
1279,31/10/2023,31,10,2023,0,0,0.278,7.1271
1280,01/11/2023,1,11,2023,0,0,0.224,6.7471
1281,02/11/2023,2,11,2023,0,0,0.204,6.37
1282,03/11/2023,3,11,2023,0,0,0.24,6.05
1283,04/11/2023,4,11,2023,0,0,0.275,5.75
1284,05/11/2023,5,11,2023,0,0,0.286,5.4243
1285,06/11/2023,6,11,2023,0,0,0.296,5.0529
1286,07/11/2023,7,11,2023,0,0,0.283,4.7014
1287,08/11/2023,8,11,2023,0,0,0.329,4.3743
1288,09/11/2023,9,11,2023,0,0,0.327,4.04
1289,10/11/2023,10,11,2023,0,0,0.299,3.7114
1290,11/11/2023,11,11,2023,0,0,0.27,3.3971
1291,12/11/2023,12,11,2023,0,0,0.309,3.1057
1292,13/11/2023,13,11,2023,0,0,0.335,2.8557
1293,14/11/2023,14,11,2023,0,0,0.421,2.5929
1294,15/11/2023,15,11,2023,26.2,25.8,0.276,2.3486
1295,16/11/2023,16,11,2023,26.3,25.9,0.284,2.1386
1296,17/11/2023,17,11,2023,26.2,25.8,0.288,1.9743
1297,18/11/2023,18,11,2023,26.1,25.7,0.292,1.8057
1298,19/11/2023,19,11,2023,26.2,25.7,0.296,1.64
1299,20/11/2023,20,11,2023,26.1,25.6,0.3,1.4686
1300,21/11/2023,21,11,2023,25.9,25.6,0.356,1.3071
1301,22/11/2023,22,11,2023,25.8,25.6,0.319,1.12
1302,23/11/2023,23,11,2023,25.8,25.5,0.336,0.95
1303,24/11/2023,24,11,2023,25.7,25.4,0.352,0.7771
1304,25/11/2023,25,11,2023,25.8,25.4,0.369,0.6171
1305,26/11/2023,26,11,2023,25.8,25.4,0.409,0.4686
1306,27/11/2023,27,11,2023,25.8,25.2,0.355,0.4686
1307,28/11/2023,28,11,2023,25.6,25.2,0.362,0.4686
1308,29/11/2023,29,11,2023,25.4,25.2,0.364,0.4686
1309,30/11/2023,30,11,2023,25.4,25.1,0.386,0.4686
1310,01/12/2023,1,12,2023,25.3,25.1,0.372,0.3014
1311,02/12/2023,2,12,2023,25.2,25,0.358,0.3014
1312,03/12/2023,3,12,2023,25.2,24.9,0.417,0.3014
1313,04/12/2023,4,12,2023,25.2,24.9,0.391,0.1457
1314,05/12/2023,5,12,2023,25.2,24.9,0.412,0.1457
1315,06/12/2023,6,12,2023,25.1,24.8,0.35,0.1457
1316,07/12/2023,7,12,2023,25,24.8,0.413,0.1457
1317,08/12/2023,8,12,2023,25,24.7,0.408,0.1457
1318,09/12/2023,9,12,2023,25,24.7,0.402,0.1457
1319,10/12/2023,10,12,2023,24.9,24.6,0.457,0.1457
1320,11/12/2023,11,12,2023,24.7,24.4,0.419,0
1321,12/12/2023,12,12,2023,24.8,24.4,0.403,0
1322,13/12/2023,13,12,2023,24.8,24.5,0.387,0
1323,14/12/2023,14,12,2023,24.9,24.4,0.379,0
1324,15/12/2023,15,12,2023,24.8,24.5,0.391,0
1325,16/12/2023,16,12,2023,24.7,24.5,0.403,0
1326,17/12/2023,17,12,2023,24.6,24.4,0.374,0
1327,18/12/2023,18,12,2023,24.6,24.2,0.424,0
1328,19/12/2023,19,12,2023,24.5,24.2,0.409,0
1329,20/12/2023,20,12,2023,24.4,24.2,0.414,0
1330,21/12/2023,21,12,2023,24.4,24.1,0.371,0
1331,22/12/2023,22,12,2023,24.4,24.2,0.399,0
1332,23/12/2023,23,12,2023,24.5,24,0.427,0
1333,24/12/2023,24,12,2023,24.6,24.1,0.435,0
1334,25/12/2023,25,12,2023,24.5,24.2,0.46,0
1335,26/12/2023,26,12,2023,24.4,24.1,0.414,0
1336,27/12/2023,27,12,2023,24.3,24.1,0.323,0
1337,28/12/2023,28,12,2023,24.2,24,0.345,0
1338,29/12/2023,29,12,2023,24.2,24,0.358,0
1339,30/12/2023,30,12,2023,24.2,23.9,0.371,0
1340,31/12/2023,31,12,2023,24.2,23.9,,0
1341,01/01/2024,1,1,2024,24.1,23.8,0.323922,0
1342,02/01/2024,2,1,2024,24,23.7,0.381868,0
1343,03/01/2024,3,1,2024,24,23.8,0.443106,0
1344,04/01/2024,4,1,2024,24,23.8,0.419026,0
1345,05/01/2024,5,1,2024,23.9,23.6,0.419132,0
1346,06/01/2024,6,1,2024,24,23.6,,0
1347,07/01/2024,7,1,2024,24.1,23.6,0.394839,0
1348,08/01/2024,8,1,2024,24,23.6,0.295895,0
1349,09/01/2024,9,1,2024,23.9,23.4,0.490062,0
1350,10/01/2024,10,1,2024,23.9,23.4,0.460336471,0
1351,11/01/2024,11,1,2024,23.9,23.4,0.35741677,0
1352,12/01/2024,12,1,2024,24,23.4,0.351730552,0
1353,13/01/2024,13,1,2024,24,23.4,,0
1354,14/01/2024,14,1,2024,23.9,23.5,0.385189455,0
1355,15/01/2024,15,1,2024,23.7,23.4,0.355754087,0
1356,16/01/2024,16,1,2024,23.6,23.3,0.387048765,0
1357,17/01/2024,17,1,2024,23.6,23.3,0.357577493,0
1358,18/01/2024,18,1,2024,23.5,23.2,0.33916085,0
1359,19/01/2024,19,1,2024,23.4,23.1,0.368588081,0
1360,20/01/2024,20,1,2024,23.4,23.1,,0
1361,21/01/2024,21,1,2024,23.5,23.1,0.365460351,0
1362,22/01/2024,22,1,2024,23.6,23.1,0.28637325,0
1363,23/01/2024,23,1,2024,23.5,23,0.506470922,0
1364,24/01/2024,24,1,2024,23.4,23.1,0.324957452,0
1365,25/01/2024,25,1,2024,23.3,23,0.427117576,0
1366,26/01/2024,26,1,2024,23.5,23,0.368943948,0
1367,27/01/2024,27,1,2024,23.4,23.1,,0
1368,28/01/2024,28,1,2024,23.5,22.9,0.24956463,0
1369,29/01/2024,29,1,2024,23.4,23,0.402216242,0
1370,30/01/2024,30,1,2024,23.4,22.9,0.263799205,0
1371,31/01/2024,31,1,2024,23.2,22.8,0.293016876,0
1372,01/02/2024,1,2,2024,23.2,22.8,0.282849655,0
1373,02/02/2024,2,2,2024,23.1,22.8,0.298814907,0
1374,03/02/2024,3,2,2024,23.2,22.8,,0
1375,04/02/2024,4,2,2024,23,22.7,0.376284749,0
1376,05/02/2024,5,2,2024,23.1,22.8,0.306275153,0
1377,06/02/2024,6,2,2024,23.1,22.7,0.314753272,0
1378,07/02/2024,7,2,2024,23.1,22.6,0.34635389,0
1379,08/02/2024,8,2,2024,23.1,22.6,0.420721137,0
1380,09/02/2024,9,2,2024,23,22.6,0.370719626,0
1381,10/02/2024,10,2,2024,22.9,22.6,,0
1382,11/02/2024,11,2,2024,23.2,22.5,,0
1383,12/02/2024,12,2,2024,23,22.4,,0
1384,13/02/2024,13,2,2024,23.2,22.5,0.34434957,0
1385,14/02/2024,14,2,2024,23,22.5,0.500777533,0
1386,15/02/2024,15,2,2024,22.9,22.5,0.476083988,0
1387,16/02/2024,16,2,2024,23,22.5,0.404338404,0
1388,17/02/2024,17,2,2024,23,22.4,,0
1389,18/02/2024,18,2,2024,23.1,22.3,0.338948834,0
1390,19/02/2024,19,2,2024,22.9,22.4,0.293924976,0
1391,20/02/2024,20,2,2024,22.9,22.4,0.317241163,0
1392,21/02/2024,21,2,2024,22.7,22.3,0.390895059,0
1393,22/02/2024,22,2,2024,22.6,22.4,0.37565375,0
1394,23/02/2024,23,2,2024,22.5,22.3,0.416556042,0
1395,24/02/2024,24,2,2024,22.7,22.3,,0
1396,25/02/2024,25,2,2024,22.8,22.3,0.336761188,0
1397,26/02/2024,26,2,2024,22.8,22.3,0.451405518,0
1398,27/02/2024,27,2,2024,22.6,22.3,0.475609003,0
1399,28/02/2024,28,2,2024,22.7,22.3,0.497916654,0
1400,29/02/2024,29,2,2024,22.9,22.2,0.509140185,0
1401,01/03/2024,1,3,2024,23.1,22.2,,0
1402,02/03/2024,2,3,2024,23.1,22.2,,0
1403,03/03/2024,3,3,2024,22.8,22.2,0.449397492,0
1404,04/03/2024,4,3,2024,22.9,22.2,0.588457661,0
1405,05/03/2024,5,3,2024,22.7,22.2,0.564208798,0
1406,06/03/2024,6,3,2024,22.8,22.3,0.462174965,0
1407,07/03/2024,7,3,2024,23.1,22.2,0.458066919,0
1408,08/03/2024,8,3,2024,22.9,22.2,0.272255895,0
1409,09/03/2024,9,3,2024,22.8,22,,0
1410,10/03/2024,10,3,2024,22.5,22.1,0.370184258,0
1411,11/03/2024,11,3,2024,22.6,22,0.312434525,0
1412,12/03/2024,12,3,2024,24.3,22.1,0.293537019,0
1413,13/03/2024,13,3,2024,24,22.3,0.37172849,0
1414,14/03/2024,14,3,2024,22.8,22.2,0.517134285,0
1415,15/03/2024,15,3,2024,23,22.2,0.555122149,0
1416,16/03/2024,16,3,2024,22.5,22.1,,0
1417,17/03/2024,17,3,2024,22.5,22.1,0.538908199,0
1418,18/03/2024,18,3,2024,22.4,22.1,0.555979877,0
1419,19/03/2024,19,3,2024,22.4,22.1,0.443433898,0
1420,20/03/2024,20,3,2024,22.7,22,0.318348862,0
1421,21/03/2024,21,3,2024,23.4,22.1,0.503798566,0
1422,22/03/2024,22,3,2024,22.8,22.1,,0
1423,23/03/2024,23,3,2024,22.7,22.2,,0
1424,24/03/2024,24,3,2024,22.4,22.1,,0
1425,25/03/2024,25,3,2024,22.8,22,0.390563773,0
1426,26/03/2024,26,3,2024,22.9,22.1,0.35122344,0
1427,27/03/2024,27,3,2024,23.5,22,0.300260834,0
1428,28/03/2024,28,3,2024,23,22.2,0.450864434,0
1429,29/03/2024,29,3,2024,23.3,22.1,,0
1430,30/03/2024,30,3,2024,23.4,22.4,,0
1431,31/03/2024,31,3,2024,23.8,22.5,0.265187999,0
1432,01/04/2024,1,4,2024,24.3,22.4,0.291677456,0
1433,02/04/2024,2,4,2024,23.4,22.4,0.199387822,0
1434,03/04/2024,3,4,2024,23.8,22.4,0.255737509,0
1435,04/04/2024,4,4,2024,23.4,22.8,0.281160918,0
1436,05/04/2024,5,4,2024,23.3,22.7,0.353260563,0
1437,06/04/2024,6,4,2024,23.1,22.4,,0
1438,07/04/2024,7,4,2024,23.5,22.4,0.361927881,0
1439,08/04/2024,8,4,2024,24,22.5,0.286198493,0
1440,09/04/2024,9,4,2024,23.7,22.4,0.237622323,0
1441,10/04/2024,10,4,2024,23.3,22.3,0.251770254,0
1442,11/04/2024,11,4,2024,23.3,22.3,0.324523598,0
1443,12/04/2024,12,4,2024,23.3,22.5,0.268554322,0
1444,13/04/2024,13,4,2024,23.2,22.5,,0
1445,14/04/2024,14,4,2024,23.3,22.5,0.269454004,0
1446,15/04/2024,15,4,2024,23.3,22.6,0.26120749,0
1447,16/04/2024,16,4,2024,23.8,22.5,0.301121216,0
1448,17/04/2024,17,4,2024,24.3,22.5,0.268649427,0
1449,18/04/2024,18,4,2024,24.3,22.6,0.278510466,0
1450,19/04/2024,19,4,2024,23.7,23,0.342748203,0
1451,20/04/2024,20,4,2024,23.5,22.7,,0
1452,21/04/2024,21,4,2024,23.6,22.5,0.216069928,0
1453,22/04/2024,22,4,2024,23.2,22.7,,0
1454,23/04/2024,23,4,2024,23.5,22.6,,0
1455,24/04/2024,24,4,2024,24.6,22.9,0.246411894,0
1456,25/04/2024,25,4,2024,24.2,22.9,0.255322148,0
1457,26/04/2024,26,4,2024,24.1,23.2,0.275347201,0
1458,27/04/2024,27,4,2024,23.8,23.2,,0
1459,28/04/2024,28,4,2024,24.1,23.1,,0
1460,29/04/2024,29,4,2024,24.2,23.2,,0
1461,30/04/2024,30,4,2024,24.3,23.2,0.267823153,0
1462,01/05/2024,1,5,2024,24.4,23.1,0.433392217,0
1463,02/05/2024,2,5,2024,24.6,23.3,0.179389539,0
1464,03/05/2024,3,5,2024,24.2,23.1,0.191816182,0
1465,04/05/2024,4,5,2024,24.3,23.1,,0
1466,05/05/2024,5,5,2024,24.7,23.5,0.207681636,0
1467,06/05/2024,6,5,2024,24.5,23.5,0.166575472,0
1468,07/05/2024,7,5,2024,24.6,23.5,0.182304067,0
1469,08/05/2024,8,5,2024,25,23.7,0.210927,0
1470,09/05/2024,9,5,2024,25,23.7,0.224133951,0
1471,10/05/2024,10,5,2024,24.8,23.6,,0
1472,11/05/2024,11,5,2024,25.7,23.7,,0
1473,12/05/2024,12,5,2024,25.2,24.3,0.304756315,0
1474,13/05/2024,13,5,2024,25,24.1,0.237822371,0
1475,14/05/2024,14,5,2024,24.7,23.8,,0
1476,15/05/2024,15,5,2024,24.4,23.6,0.225435596,0
1477,16/05/2024,16,5,2024,24.3,23.7,0.206423319,0
1478,17/05/2024,17,5,2024,24.7,23.7,0.183902288,0
1479,18/05/2024,18,5,2024,25.2,23.8,,0
1480,19/05/2024,19,5,2024,25.6,24,0.17259301,0
1481,20/05/2024,20,5,2024,25.7,24.1,0.195943655,0
1482,21/05/2024,21,5,2024,25.4,24.2,0.216608931,0
1483,22/05/2024,22,5,2024,25.5,24.3,0.15363853,0
1484,23/05/2024,23,5,2024,26.4,24.4,0.144430074,0
1485,24/05/2024,24,5,2024,26.8,24.1,,0
1486,25/05/2024,25,5,2024,25.6,24.1,,0
1487,26/05/2024,26,5,2024,26,24.4,0.198124034,0
1488,27/05/2024,27,5,2024,25.2,24.3,0.195780623,0
1489,28/05/2024,28,5,2024,24.9,24.2,0.162127076,0
1490,29/05/2024,29,5,2024,25.3,24.2,0.190522897,0
1491,30/05/2024,30,5,2024,25.6,24.2,0.173432878,0
1492,31/05/2024,31,5,2024,25.1,24.2,0.150371938,0
1493,01/06/2024,1,6,2024,24.7,24.1,,0
1494,02/06/2024,2,6,2024,25,24.1,0.16153473,0
1495,03/06/2024,3,6,2024,25.2,24.1,0.19121604,0
1496,04/06/2024,4,6,2024,25.5,24,0.180963074,0
1497,05/06/2024,5,6,2024,25.6,24,0.221518651,0
1498,06/06/2024,6,6,2024,26,24.4,0.150506869,0
1499,07/06/2024,7,6,2024,26.2,24.5,0.139206575,0
1500,08/06/2024,8,6,2024,27.1,25.1,,0
1501,09/06/2024,9,6,2024,28.4,25,0.187858793,0
1502,10/06/2024,10,6,2024,26.7,25,0.110402345,0
1503,11/06/2024,11,6,2024,26.9,25.4,,0
1504,12/06/2024,12,6,2024,26.5,25.2,,0
1505,13/06/2024,13,6,2024,26.3,24.9,0.118509524,0
1506,14/06/2024,14,6,2024,27.1,25,0.139083739,0
1507,15/06/2024,15,6,2024,26.8,24.8,,0
1508,16/06/2024,16,6,2024,27.3,25,0.116689985,0
1509,17/06/2024,17,6,2024,26.2,24.9,0.119264567,0
1510,18/06/2024,18,6,2024,26.3,25.1,0.119344952,0
1511,19/06/2024,19,6,2024,26.5,25.1,0.119828784,0
1512,20/06/2024,20,6,2024,26.6,25.3,0.124398546,0
1513,21/06/2024,21,6,2024,26.9,25.4,0.158321863,0
1514,22/06/2024,22,6,2024,26.8,25.2,,0.1686
1515,23/06/2024,23,6,2024,28.1,25.2,0.116257867,0.3729
1516,24/06/2024,24,6,2024,28,26,0.130270472,0.5671
1517,25/06/2024,25,6,2024,27.4,26.6,0.119424914,0.5671
1518,26/06/2024,26,6,2024,27.5,26.6,0.169659132,0.5671
1519,27/06/2024,27,6,2024,27.2,26.3,0.186506718,0.5671
1520,28/06/2024,28,6,2024,27.5,26.3,0.178330486,0.5671
1521,29/06/2024,29,6,2024,28.9,26.1,,0.5671
1522,30/06/2024,30,6,2024,28.3,25.7,0.170523442,0.5671
1523,01/07/2024,1,7,2024,28.1,25.9,0.16435618,0.5671
1524,02/07/2024,2,7,2024,28.3,26.5,0.146134302,0.7371
1525,03/07/2024,3,7,2024,28.9,26.6,0.123542655,0.9329
1526,04/07/2024,4,7,2024,29,26.8,0.123471315,1.1871
1527,05/07/2024,5,7,2024,28.8,27,0.270964082,1.4543
1528,06/07/2024,6,7,2024,28.2,27.4,,1.6771
1529,07/07/2024,7,7,2024,28.1,27,0.259577009,1.8829
1530,08/07/2024,8,7,2024,28.3,26.6,0.240944131,2.1443
1531,09/07/2024,9,7,2024,29.3,26.7,0.181437724,2.4343
1532,10/07/2024,10,7,2024,29.3,27.1,0.264245127,2.77
1533,11/07/2024,11,7,2024,29.6,27.8,0.220582333,3.1743
1534,12/07/2024,12,7,2024,30.4,29,0.363970891,3.5771
1535,13/07/2024,13,7,2024,29.8,28.6,,3.9929
1536,14/07/2024,14,7,2024,29.7,28.3,0.155692397,4.3943
1537,15/07/2024,15,7,2024,29.7,28.4,0.165445815,4.8071
1538,16/07/2024,16,7,2024,30.5,28.7,0.187567727,5.2343
1539,17/07/2024,17,7,2024,30.8,29.3,0.194921949,5.6229
1540,18/07/2024,18,7,2024,29.8,29.1,0.176067339,6.0057
1541,19/07/2024,19,7,2024,30.2,29,0.203499618,6.3743
1542,20/07/2024,20,7,2024,30.5,28.8,,6.7557
1543,21/07/2024,21,7,2024,30.5,28.3,0.13108938,7.17
1544,22/07/2024,22,7,2024,29.9,28.5,0.117550307,7.5929
1545,23/07/2024,23,7,2024,30.8,28.4,0.155563049,7.98
1546,24/07/2024,24,7,2024,31.5,28.5,0.157577163,8.3843
1547,25/07/2024,25,7,2024,30.4,28.6,0.159145443,8.8
1548,26/07/2024,26,7,2024,30.4,28.9,0.156301014,9.2029
1549,27/07/2024,27,7,2024,30.4,29.2,,9.6057
1550,28/07/2024,28,7,2024,30.2,29.2,0.250906379,10.0543
1551,29/07/2024,29,7,2024,30.4,29,0.221124074,10.4957
1552,30/07/2024,30,7,2024,30.9,28.6,0.157077871,10.9271
1553,31/07/2024,31,7,2024,31.4,28.6,0.154657651,11.3814
1554,01/08/2024,1,8,2024,31.3,29.1,0.169169743,11.8814
1555,02/08/2024,2,8,2024,30.6,29.5,0.310734752,12.4
1556,03/08/2024,3,8,2024,31.1,29.4,,12.9129
1557,04/08/2024,4,8,2024,31.9,30,0.156013773,13.43
1558,05/08/2024,5,8,2024,31.8,29.7,0.216254992,13.9786
1559,06/08/2024,6,8,2024,31.2,29.8,0.175194513,14.5286
1560,07/08/2024,7,8,2024,31,29.7,0.145654963,15.0829
1561,08/08/2024,8,8,2024,30.7,29.6,0.137395594,15.6057
1562,09/08/2024,9,8,2024,30.7,29.8,0.133091169,16.1614
1563,10/08/2024,10,8,2024,31.2,29.5,,16.7029
1564,11/08/2024,11,8,2024,30.4,29.5,0.152960782,17.2414
1565,12/08/2024,12,8,2024,30.2,29.4,0.150001543,17.7114
1566,13/08/2024,13,8,2024,30.5,29.5,,18.1414
1567,14/08/2024,14,8,2024,30.2,29.4,0.136340817,18.5686
1568,15/08/2024,15,8,2024,29.9,29.4,0.170104113,19
1569,16/08/2024,16,8,2024,29.9,29.3,0.134065119,19.3886
1570,17/08/2024,17,8,2024,30.5,29.1,,19.7629
1571,18/08/2024,18,8,2024,30.4,29.2,0.143501826,20.1543
1572,19/08/2024,19,8,2024,31.8,29,0.160499606,20.5957
1573,20/08/2024,20,8,2024,30.4,29.3,0.177529617,21.0486
1574,21/08/2024,21,8,2024,29.8,29.2,0.151192206,21.4314
1575,22/08/2024,22,8,2024,29.8,29.1,0.158461636,21.7957
1576,23/08/2024,23,8,2024,30.4,28.4,0.150782082,22.1657
1577,24/08/2024,24,8,2024,29.8,28.4,,22.5257
1578,25/08/2024,25,8,2024,30.6,28.5,0.200478342,22.9071
1579,26/08/2024,26,8,2024,30.4,28.6,0.162472181,23.3186
1580,27/08/2024,27,8,2024,31,29,0.206260319,23.7471
1581,28/08/2024,28,8,2024,30.2,29.6,0.167426721,24.2157
1582,29/08/2024,29,8,2024,29.8,29.2,0.219379894,24.5529
1583,30/08/2024,30,8,2024,30.1,29,,24.8629
1584,31/08/2024,31,8,2024,29.6,28.7,,25.1514
1585,01/09/2024,1,9,2024,30.2,28.6,0.163570127,25.4471
1586,02/09/2024,2,9,2024,29.6,28.7,,25.7243
1587,03/09/2024,3,9,2024,29.6,28.8,0.157885004,26.0114
1588,04/09/2024,4,9,2024,29.5,28.6,0.137778807,26.2686
1589,05/09/2024,5,9,2024,29.2,28.5,0.135107026,26.5186
1590,06/09/2024,6,9,2024,29.2,28.4,0.157295506,26.77
1591,07/09/2024,7,9,2024,30.1,27.9,,27.0443
1592,08/09/2024,8,9,2024,29.8,28.1,0.125067991,27.32
1593,09/09/2024,9,9,2024,29.8,28.4,0.167365626,27.6071
1594,10/09/2024,10,9,2024,29.8,28.4,0.13995495,27.9143
1595,11/09/2024,11,9,2024,29.7,28.4,0.160722994,28.2629
1596,12/09/2024,12,9,2024,31,28.6,0.152009944,28.6029
1597,13/09/2024,13,9,2024,29.3,28.7,0.157706789,28.9057
