Sample_no,Species,Year,Month,Date,Colony,TP,SA(cm^2),Cells/cm2,Chl_pg/cell,Proteins_Host(mg/cm2),Carbs_Host(mg/cm2),Lipids_Host(mg/cm2),Total_energy(J/cm2),Proteins_Zoox (pg/cell),Carbs_Zoox(pg/cell),Lipids_Zoox(pg/cell),Total_energy(uJ/cell)
1,Stylophora,2022,July,14/07/2022,1,5,6.21,6562357,1.4,1.83,0.17,0.5,66.5,8.19,17.12,31.11,1.72
2,Stylophora,2022,July,14/07/2022,2,5,7.45,2881447,2.3,1.37,0.12,0.42,51.55,18.9,17.12,50.45,2.74
3,Stylophora,2022,July,14/07/2022,3,5,5.02,9527263,1.5,1.63,0.14,0.81,73.52,9.42,8.82,31.77,1.63
4,Stylophora,2022,July,14/07/2022,4,5,5.16,6572262,1.9,2.16,0.25,0.51,76.15,24.86,23.9,27.88,2.11
5,Stylophora,2022,July,14/07/2022,5,5,9.52,3259942,2,1.33,0.15,0.53,55.33,13.17,23.52,56.1,2.94
6,Stylophora,2022,July,14/07/2022,6,5,6.32,5259437,2.5,1.68,0.13,0.53,63.36,11.77,21.91,49.78,2.63
7,Stylophora,2022,July,14/07/2022,7,5,7.23,9348091,1.4,1.87,0.2,0.36,62.36,10.93,9.42,20.93,1.25
8,Stylophora,2022,July,14/07/2022,8,5,10.81,3266593,2.6,1.51,0.14,0.21,46.76,11.37,27.17,30.52,1.95
9,Stylophora,2022,July,28/07/2022,1,6,8.22,4999031,2.4,2.11,0.22,0.24,63.95,14.89,18.03,27.3,1.75
10,Stylophora,2022,July,28/07/2022,2,6,5.55,3225047,1.5,1.32,0.1,0.66,59.32,15.32,11.77,33.74,1.9
11,Stylophora,2022,July,28/07/2022,3,6,2.65,7631190,1.8,2.33,0.2,0.91,,18.45,23.11,13.77,1.39
12,Stylophora,2022,July,28/07/2022,4,6,6.21,5032758,2.6,1.83,0.18,0.33,59.91,16.78,25.86,41.95,2.51
13,Stylophora,2022,July,28/07/2022,5,6,3.34,4410034,2.5,1.41,0.16,0.79,67.45,2.88,24.3,82.71,3.76
14,Stylophora,2022,July,28/07/2022,6,6,10.21,8956842,1.3,1.72,0.22,0.51,65.12,8.04,11.25,17.12,1.07
15,Stylophora,2022,July,28/07/2022,7,6,4.58,3771966,2.4,1.83,0.17,0.68,73.64,20.45,34.27,45.03,2.87
16,Stylophora,2022,July,28/07/2022,8,6,4.64,4199449,2.2,1.69,0.16,0.65,68.95,16.25,30.32,47.65,2.8
17,Stylophora,2022,August,10/08/2022,1,7,8.50,3812939,3.2,1.99,0.17,0.61,74.71,21.28,34.53,35.47,2.51
18,Stylophora,2022,August,10/08/2022,2,7,6.71,6935384,1.8,1.54,0.18,0.3,51.75,6.59,17.97,33.55,1.8
19,Stylophora,2022,August,10/08/2022,3,7,6.43,5086361,3.1,1.81,0.18,0.7,74.15,19.8,30.62,39.85,2.58
20,Stylophora,2022,August,10/08/2022,4,7,6.26,3395874,3.6,2.06,0.23,0.56,75.26,31.61,26.93,49.89,3.2
21,Stylophora,2022,August,10/08/2022,5,7,4.33,5822817,1.9,1.38,0.09,0.36,48.57,2.98,18.62,59.95,2.77
22,Stylophora,2022,August,10/08/2022,6,7,10.73,5171796,2.8,1.41,0.19,0.24,46.6,10.61,27.25,28.04,1.84
23,Stylophora,2022,August,10/08/2022,7,7,3.04,4672773,2.8,1.82,0.18,0.8,78.58,24.83,21.04,92.44,4.61
24,Stylophora,2022,August,10/08/2022,8,7,4.94,2678305,3,1.23,0.13,0.63,56.67,17.02,19.55,18.23,1.47
25,Stylophora,2022,August,24/08/2022,1,8,3.56,3437486,2.6,1.55,0.15,0.44,56.98,28.21,29.56,82.99,4.47
26,Stylophora,2022,August,24/08/2022,2,8,4.20,3384339,2.1,1.59,0.12,0.51,60.4,14.83,25.81,42.66,2.49
27,Stylophora,2022,August,24/08/2022,3,8,3.73,3635055,2.6,1.77,0.16,0.28,56.06,,22.93,70.52,
28,Stylophora,2022,August,24/08/2022,4,8,4.33,5852243,1.9,1.89,0.18,0.54,69.71,13.25,19.88,48.02,2.56
29,Stylophora,2022,August,24/08/2022,5,8,5.88,4271037,1.3,1.14,0.17,0.68,57.02,3.97,13.25,38.98,1.87
30,Stylophora,2022,August,24/08/2022,6,8,8.91,8063007,1.2,1.37,0.26,0.37,52.19,7.06,15.82,14.91,1.03
31,Stylophora,2022,August,24/08/2022,7,8,3.84,6050386,1.4,1.49,0.1,0.7,65.19,5.83,16.83,44.74,2.2
32,Stylophora,2022,August,24/08/2022,8,8,3.23,5603299,2.1,1.17,0.14,0.11,34.84,13.39,11.15,56.13,2.73
33,Stylophora,2023,July,09/07/2023,1,9,2.60,5071322,1.9,1.48,0.15,1,77.63,13.21,20.46,46.83,2.52
34,Stylophora,2023,July,09/07/2023,2,9,3.95,7817631,0.9,1.54,0.14,1.06,81.08,9.29,12.06,26.17,1.47
35,Stylophora,2023,July,09/07/2023,3,9,3.53,7525127,1.7,1.78,0.15,0.17,51.82,12.5,18.32,9.77,1.01
36,Stylophora,2023,July,09/07/2023,4,9,4.83,,0.7,2.14,0.22,0.29,66.52,3.99,4.17,11.77,0.63
37,Stylophora,2023,July,09/07/2023,5,9,6.13,4271834,1.1,0.61,0.13,0.49,36.49,9.27,13.58,27.97,1.56
38,Stylophora,2023,July,09/07/2023,6,9,3.59,5106149,2.4,1.91,0.39,0.63,77.47,13.78,25.4,63.14,3.27
39,Stylophora,2023,July,09/07/2023,7,9,5.24,3214248,2.1,1.42,0.15,0.48,55.65,23.15,19.4,69.06,3.62
40,Stylophora,2023,July,09/07/2023,8,9,4.00,5743994,1.2,1.82,0.18,0.8,78.23,22.77,12.18,61.45,3.18
41,Stylophora,2023,July,25/07/2023,1,10,3.42,10188887,1.2,2.27,0.27,0.76,88.98,8.7,13.21,42.62,2.12
42,Stylophora,2023,July,25/07/2023,2,10,4.00,5661536,1.5,1.41,0.15,1.06,78.26,13.64,18.86,25.25,1.65
43,Stylophora,2023,July,25/07/2023,3,10,3.20,10117996,1.5,1.6,0.16,0.75,70.76,6.5,15.49,51.39,2.46
44,Stylophora,2023,July,25/07/2023,4,10,4.17,10797892,1.3,1.52,0.23,0.62,64.95,5.26,8.55,23.79,1.21
45,Stylophora,2023,July,25/07/2023,5,10,4.09,4426839,1.2,1.28,0.15,0.75,62.81,15.73,17.15,54.31,2.82
46,Stylophora,2023,July,25/07/2023,6,10,2.43,8790113,1.1,1.27,0.33,0.41,52.27,3.24,16.42,46.23,2.19
47,Stylophora,2023,July,25/07/2023,7,10,5.49,6501226,1.4,1.52,0.18,0.55,61.22,5.77,13.93,8.15,0.7
48,Stylophora,2023,July,25/07/2023,8,10,3.89,9539557,1.1,1.75,0.14,0.77,74.67,6.48,8.64,18.63,1.04
49,Stylophora,2023,August,10/08/2023,1,11,7.59,4606396,1.9,1.64,0.18,0.43,59.29,18.62,19.61,41.04,2.41
50,Stylophora,2023,August,10/08/2023,2,11,5.44,2847622,3.7,2.01,0.18,0.34,64.49,28.41,23.08,74.74,4.03
51,Stylophora,2023,August,10/08/2023,3,11,4.03,3281355,4.4,1.73,0.16,0.35,57.86,5.74,41.48,62.34,3.33
52,Stylophora,2023,August,10/08/2023,4,11,5.30,3265720,3.8,2.14,0.26,0.78,86.59,27.6,32.92,66.95,3.88
53,Stylophora,2023,August,10/08/2023,5,11,5.24,3633374,2.2,1.31,0.13,0.59,56.94,13.64,24.25,78.03,3.83
54,Stylophora,2023,August,10/08/2023,6,11,4.53,4058213,2.6,1.45,0.16,0.58,60.68,19.5,29.4,72.51,3.84
55,Stylophora,2023,August,10/08/2023,7,11,6.51,2951996,3.7,1.64,0.19,0.44,59.86,16.66,31.64,52.34,3.02
56,Stylophora,2023,August,10/08/2023,8,11,7.01,4548297,1.8,1.28,0.11,0.25,42.21,8.4,20.17,39.08,2.1
57,Stylophora,2023,August,22/08/2023,1,12,5.60,2644339,3.1,1.45,0.15,0.51,57.3,14.99,36.62,82.64,4.26
58,Stylophora,2023,August,22/08/2023,2,12,5.41,2873236,2.8,1.56,0.31,0.4,58.45,16.36,22.38,90.67,4.36
59,Stylophora,2023,August,22/08/2023,3,12,5.19,4117271,3.5,1.57,0.42,0.69,72.44,9.39,47.41,72.73,3.93
60,Stylophora,2023,August,22/08/2023,4,12,4.61,3560623,3.1,1.95,0.17,0.36,63.81,16.72,30.87,77.23,3.99
61,Stylophora,2023,August,22/08/2023,5,12,6.40,2412371,2.4,1.1,0.14,0.56,51.12,16.14,35.52,54.85,3.17
62,Stylophora,2023,August,22/08/2023,6,12,4.80,5254283,2.2,1.31,0.11,0.44,50.62,18.66,12.98,36.06,2.1
63,Stylophora,2023,August,22/08/2023,7,12,3.81,3989285,2.3,1.82,0.21,0.77,77.48,18.84,27.08,54.13,3.06
64,Stylophora,2023,August,22/08/2023,8,12,5.52,5658787,2.3,1.47,0.16,0.52,58.62,25.81,25.13,45.29,2.85
65,Pocillopora,2022,July,14/07/2022,1,5,6.40,3942510,1.3,1.19,0.15,0.28,42.4,9.46,16.03,27.86,1.61
66,Pocillopora,2022,July,14/07/2022,2,5,7.34,2717308,2,1.45,0.11,0.57,59.03,22.02,27.04,63.92,3.52
67,Pocillopora,2022,July,14/07/2022,3,5,15.97,2629718,1.7,0.91,0.1,0.35,37.36,15.4,26.3,40.84,2.44
68,Pocillopora,2022,July,14/07/2022,4,5,6.18,6916640,1.5,1.81,0.17,0.56,68.65,12.14,17.81,9,0.96
69,Pocillopora,2022,July,14/07/2022,5,5,9.60,4570054,1.6,1.06,0.11,0.27,38.04,10.06,14.91,31,1.73
70,Pocillopora,2022,July,14/07/2022,6,5,9.88,4358905,2.1,1.37,0.13,0.37,49.8,18.89,22.77,,
71,Pocillopora,2022,July,14/07/2022,7,5,6.65,3777301,1.4,1.11,0.13,0.54,50.1,9.02,17.01,40.7,2.12
72,Pocillopora,2022,July,14/07/2022,8,5,2.68,3646087,2.3,1.46,0.07,0.85,69.6,17.41,24.04,92.24,4.48
73,Pocillopora,2022,July,28/07/2022,1,6,9.88,2423977,2.4,0.98,0.09,0.33,38.32,32.42,24.08,45.24,2.98
74,Pocillopora,2022,July,28/07/2022,2,6,10.68,2476320,2.2,0.88,0.06,0.16,28.7,50.2,19.5,47.07,3.4
75,Pocillopora,2022,July,28/07/2022,3,6,3.67,3622253,2.1,,0.12,,,9.07,14.3,54.18,2.61
76,Pocillopora,2022,July,28/07/2022,4,6,8.58,3534916,1.7,0.92,0.1,0.4,39.83,11.8,19.56,29.5,1.79
77,Pocillopora,2022,July,28/07/2022,5,6,7.45,2339792,1.7,0.96,0.07,0.36,38.52,11.97,24.71,43.95,2.45
78,Pocillopora,2022,July,28/07/2022,6,6,5.35,2972890,1.7,0.93,0.08,0.54,44.84,17.8,20.57,62.56,3.26
79,Pocillopora,2022,July,28/07/2022,7,6,7.78,1823830,1.8,0.86,0.1,0.23,31.36,25.82,31.2,,
80,Pocillopora,2022,July,28/07/2022,8,6,5.93,2812878,1.5,1.06,0.15,0.45,45.75,9.63,28.53,64.5,3.28
81,Pocillopora,2022,August,10/08/2022,1,7,2.43,4351846,2.6,1.3,0.17,,,8.43,11.86,,
82,Pocillopora,2022,August,10/08/2022,2,7,6.68,4349149,2.3,1.27,0.1,0.4,47.93,15.46,23.96,47.61,2.67
83,Pocillopora,2022,August,10/08/2022,3,7,5.55,4728041,1.2,0.75,0.07,0.47,37.73,4.81,6.09,49.24,2.17
84,Pocillopora,2022,August,10/08/2022,4,7,12.97,3268369,2.4,0.85,0.1,0.28,33.02,9.58,19.92,35.03,1.96
85,Pocillopora,2022,August,10/08/2022,5,7,8.97,1833547,2.9,0.76,0.08,0.12,24.39,28.13,28.32,77.74,4.24
86,Pocillopora,2022,August,10/08/2022,6,7,5.27,4281738,1.7,0.99,0.1,0.51,45.49,14.11,22.04,35.54,2.13
87,Pocillopora,2022,August,10/08/2022,7,7,4.64,3521649,1.8,0.78,0.08,0.65,45.69,13.94,29.28,22.8,1.75
88,Pocillopora,2022,August,10/08/2022,8,7,4.31,2437070,2.4,1.03,0.1,0.58,49.22,10.64,12.46,64.06,3
89,Pocillopora,2022,August,24/08/2022,1,8,6.43,3309634,1.4,0.99,0.11,0.19,33.16,2.05,20.76,55.01,2.59
90,Pocillopora,2022,August,24/08/2022,2,8,3.62,3812329,1.6,0.85,0.1,0.88,56.79,2.28,18.82,34.26,1.74
91,Pocillopora,2022,August,24/08/2022,3,8,5.71,4466987,1.4,1.14,0.09,0.21,37.13,11.56,18.02,51.17,2.61
92,Pocillopora,2022,August,24/08/2022,4,8,4.66,3656809,2.5,1.13,0.08,0.37,43.13,6.69,26.17,65.08,3.19
93,Pocillopora,2022,August,24/08/2022,5,8,4.61,2919451,2.4,1.38,0.08,0.56,56.7,21.43,33.04,31.85,2.35
94,Pocillopora,2022,August,24/08/2022,6,8,9.46,5516426,1.9,1,0.09,0.21,33.65,10.05,27.23,33.15,2.03
95,Pocillopora,2022,August,24/08/2022,7,8,6.71,1972110,2.3,0.67,0.09,0.46,35.6,9.27,23.77,55.96,2.85
96,Pocillopora,2022,August,24/08/2022,8,8,4.86,3204168,1.8,1.14,0.07,0.17,34.91,15.5,18.57,45.83,2.51
97,Pocillopora,2023,July,09/07/2023,1,9,3.70,7658902,1.1,1.14,0.12,0.64,54.54,12.39,6.83,28.5,1.54
98,Pocillopora,2023,July,09/07/2023,2,9,7.73,2433927,2.5,0.91,0.08,0.18,30.38,20.51,33.61,42.92,2.77
99,Pocillopora,2023,July,09/07/2023,3,9,4.61,2733934,1.6,1.13,0.11,0.21,37.24,30.42,32,69.94,4.05
100,Pocillopora,2023,July,09/07/2023,4,9,3.31,3165253,3.1,1.4,0.08,0.39,50.31,23.81,34.54,96.89,5
101,Pocillopora,2023,July,09/07/2023,5,9,5.30,3473809,1.8,1.36,0.08,0.62,58.45,19.03,27.45,52.81,3.02
102,Pocillopora,2023,July,09/07/2023,6,9,3.45,2643152,2.1,0.94,0.13,0.3,36.49,19.08,36.14,66.17,3.7
103,Pocillopora,2023,July,09/07/2023,7,9,3.75,3108854,1.9,0.96,,0.37,,13.48,28.13,109.52,5.14
104,Pocillopora,2023,July,09/07/2023,8,9,4.94,2936418,1.7,1.03,0.08,0.43,43.14,23.23,13.2,40.37,2.38
105,Pocillopora,2023,July,25/07/2023,1,10,4.31,6295619,1.4,1.03,0.2,0.16,34.53,9.38,16.18,26.5,1.55
106,Pocillopora,2023,July,25/07/2023,2,10,5.66,6377341,1.1,0.9,0.15,0.47,42.4,9.4,6.79,27.49,1.43
107,Pocillopora,2023,July,25/07/2023,3,10,4.22,7102787,0.8,1.27,0.19,0.66,59.51,7.22,7.63,35.69,1.72
108,Pocillopora,2023,July,25/07/2023,4,10,4.89,9320234,0.9,1.45,0.14,0.73,65.78,3.79,8.34,34.97,1.62
109,Pocillopora,2023,July,25/07/2023,5,10,5.19,5985077,1.1,1,0.09,0.53,46.34,11.89,14.5,35.47,1.94
110,Pocillopora,2023,July,25/07/2023,6,10,3.64,4643913,1.2,0.86,0.15,0.45,40.98,16.09,16.33,29.84,1.85
111,Pocillopora,2023,July,25/07/2023,7,10,5.38,4593979,0.9,0.91,0.08,0.41,39.37,10.1,13.07,12.11,0.95
112,Pocillopora,2023,July,25/07/2023,8,10,5.44,7105259,0.8,0.98,0.09,0.48,43.97,11.12,9.74,25.88,1.46
113,Pocillopora,2023,August,10/08/2023,1,11,3.73,2584391,2.8,1.22,0.1,0.91,66.89,19.03,30.01,85.14,4.34
114,Pocillopora,2023,August,10/08/2023,2,11,5.38,2200817,2.7,0.83,0.09,0.44,38.73,31.48,36.67,92.6,5.05
115,Pocillopora,2023,August,10/08/2023,3,11,4.50,2867668,3,1.24,0.06,0.53,51.91,31.28,15.66,30.8,2.24
116,Pocillopora,2023,August,10/08/2023,4,11,7.42,3726858,3.3,1.17,0.1,0.43,46.43,17.91,25.31,45.43,2.67
117,Pocillopora,2023,August,10/08/2023,5,11,4.86,3923755,2.2,1.13,0.07,0.31,40.21,13.35,20.2,17.57,1.37
118,Pocillopora,2023,August,10/08/2023,6,11,6.57,3041411,3.6,1.03,0.12,0.32,39.33,28.26,35.23,63.66,3.81
120,Pocillopora,2023,August,10/08/2023,8,11,4.39,2965398,2.8,0.99,0.08,0.61,49.26,4.82,28.94,43.84,2.35
121,Pocillopora,2023,August,22/08/2023,1,12,10.10,2596077,2.1,0.8,0.08,0.36,34.83,29.01,32.47,46.09,3.08
122,Pocillopora,2023,August,22/08/2023,2,12,4.06,2700778,2.4,0.98,0.06,0.82,56.77,14.29,28.79,99.46,4.77
123,Pocillopora,2023,August,22/08/2023,3,12,6.62,2433928,2.5,0.78,0.06,0.26,29.98,11.1,40.6,80.33,4.15
124,Pocillopora,2023,August,22/08/2023,4,12,5.30,3548834,3,1.06,0.13,0.08,30.71,17.09,34.93,56.17,3.24
125,Pocillopora,2023,August,22/08/2023,5,12,5.38,3598803,2.8,1.39,0.1,0.77,65.25,25.63,39.15,43.42,3.01
126,Pocillopora,2023,August,22/08/2023,6,12,4.55,5066337,1.9,1.22,0.12,0.85,64.76,27.11,29.4,47.62,3.04
127,Pocillopora,2023,August,22/08/2023,7,12,7.37,1894689,2.4,0.97,0.14,0.22,34.46,29.06,45.18,61.95,3.93
128,Pocillopora,2023,August,22/08/2023,8,12,6.48,2692734,2.2,0.98,0.11,0.5,45.1,15.05,26.27,60.25,3.2
145,Stylophora,2024,January,09/01/2024,1,13,5.99,4424074,4.1,1.58,0.22,0.58,64.44,8.06,22.35,40.44,2.18
146,Stylophora,2024,January,09/01/2024,2,13,3.73,4768242,3.8,1.59,0.29,0.39,58.42,16.32,28.14,33.01,2.19
147,Stylophora,2024,January,09/01/2024,3,13,3.34,8274428,3.3,2.31,0.3,0.71,88.65,15.42,30.8,38.4,2.42
148,Stylophora,2024,January,09/01/2024,4,13,6.24,7059922,3.7,2.06,0.25,0.74,82.57,12.98,29.98,20.17,1.63
149,Stylophora,2024,January,09/01/2024,5,13,3.73,,1,1.54,0.32,0.58,65.39,4.01,5.98,8.4,0.53
150,Stylophora,2024,January,09/01/2024,6,13,5.27,4138017,3.7,1.14,0.29,0.44,49.83,12.11,23.04,37.32,2.17
151,Stylophora,2024,January,09/01/2024,7,13,4.39,5423175,4,1.8,0.22,0.86,80.73,12.23,33.45,43.51,2.6
152,Stylophora,2024,January,09/01/2024,8,13,2.46,,1.4,2.17,0.39,,,3.41,13.55,13.99,0.87
153,Pocillopora,2024,January,09/01/2024,1,13,10.70,,0.5,0.91,0.11,0.41,39.71,3.17,5.68,5.22,0.38
154,Pocillopora,2024,January,09/01/2024,2,13,3.95,5347305,3.1,1.05,0.16,0.84,61.09,11.37,22.35,,
155,Pocillopora,2024,January,09/01/2024,3,13,5.49,10953746,1.2,1.35,0.05,0.29,44.61,3.55,10.2,12.65,0.76
156,Pocillopora,2024,January,09/01/2024,4,13,4.03,8747799,1.4,1.32,0.16,0.71,62.23,5.83,12.04,16.41,1
157,Pocillopora,2024,January,09/01/2024,5,13,4.14,6538200,1.6,1.2,0.09,0.59,53.48,10.58,13.99,35.3,1.89
158,Pocillopora,2024,January,09/01/2024,6,13,2.29,9705040,2.7,,0.22,1.13,,22.42,15.75,33.27,2.13
159,Pocillopora,2024,January,09/01/2024,7,13,3.34,7598552,1.8,0.87,0.07,0.59,45.2,5.07,15.67,25.54,1.4
160,Pocillopora,2024,January,09/01/2024,8,13,4.55,6337862,1.5,0.79,0.09,0.47,39.23,10.05,9.27,42.18,2.07
161,Stylophora,2021,February,04/02/2021,1,1,2.24,5307450,2,1.32,0.2,0.54,56.44,21.96,16.9,11.81,1.29
162,Stylophora,2021,February,04/02/2021,2,1,1.13,4729712,1.6,1.44,0.21,0.29,49.55,15.03,35.69,20.77,1.8
163,Stylophora,2021,February,04/02/2021,3,1,2.51,3345949,1.4,0.9,0.1,0.51,43.59,26.63,22.72,3.8,1.18
164,Stylophora,2021,February,04/02/2021,4,1,2.51,5569617,1.2,1.22,0.27,0.45,51.37,25.33,23.38,12.38,1.5
165,Stylophora,2021,February,04/02/2021,5,1,3.34,6805914,1.6,2.03,0.38,0.08,58.06,10.1,30.77,12.14,1.26
166,Stylophora,2021,February,04/02/2021,6,1,1.41,5352658,2.1,1.55,0.2,0.57,63.03,,23.91,45.42,
167,Stylophora,2021,February,04/02/2021,7,1,1.96,2539313,1.3,0.71,0.13,0.31,31.53,39.49,13.3,57.6,3.45
168,Stylophora,2021,February,04/02/2021,8,1,1.96,5476351,1.3,1.38,0.21,0.02,37.45,27.29,20.77,29.23,2.17
169,Stylophora,2021,July,01/07/2021,1,2,2.51,2405740,2,1.69,0.18,0.57,66.36,22.77,22.74,100.36,4.91
170,Stylophora,2021,July,01/07/2021,2,2,3.34,2838230,1.3,1.61,0.26,0.64,68.22,35.14,24.27,44.32,3.02
171,Stylophora,2021,July,01/07/2021,3,2,4.44,3315126,1.5,1.36,0.29,0.34,51.19,50.25,29.86,4.17,1.89
172,Stylophora,2021,July,01/07/2021,4,2,6.93,4378460,1.4,2.08,0.3,0.2,63.05,41.79,20.49,,
174,Stylophora,2021,July,01/07/2021,6,2,2.51,1999809,1,0.82,0.1,0.44,38.67,49.8,16.88,99.54,5.42
175,Stylophora,2021,July,01/07/2021,7,2,2.51,2468421,1.6,1.7,0.29,0.08,48.64,65.17,28.03,95.33,5.81
176,Stylophora,2021,July,01/07/2021,8,2,3.06,1492990,1.3,1.36,0.13,0.62,59.07,69.43,18.54,15.29,2.59
177,Stylophora,2021,August,03/08/2021,1,3,5.00,2103667,1.7,1.09,0.16,0.61,52.73,44.4,14.97,55.91,3.53
178,Stylophora,2021,August,03/08/2021,2,3,3.06,1906622,0.9,0.89,0.11,0.11,27.68,36.11,8.87,32.19,2.29
179,Stylophora,2021,August,03/08/2021,3,3,2.79,3039236,1.4,1.78,0.24,0.7,74.51,40.86,18.44,16.18,1.94
180,Stylophora,2021,August,03/08/2021,4,3,4.17,3221371,1.4,1.01,0.14,0.17,33.3,32.46,20.9,29.3,2.3
181,Stylophora,2021,August,03/08/2021,5,3,2.24,2038490,1.4,1.2,0.19,0.1,35.84,29.15,9.44,57.78,3.14
182,Stylophora,2021,August,03/08/2021,6,3,3.34,3004392,1,1.2,0.16,0.11,35.77,50.04,19.45,47.35,3.41
183,Stylophora,2021,August,03/08/2021,7,3,2.24,1433648,1.7,1.02,0.08,0.32,38.52,60.61,,,
184,Stylophora,2021,August,03/08/2021,8,3,4.44,2374940,1.6,1.3,0.21,0.18,41.83,60.41,21.5,8.93,2.17
185,Stylophora,2022,January,09/01/2022,1,4,5.82,3324763,2.1,1.17,0.21,0.59,55.01,46.97,18.33,30.24,2.64
186,Stylophora,2022,January,09/01/2022,2,4,2.79,5002636,2.2,1.46,0.21,0.31,50.75,33.9,18.61,25.69,2.15
187,Stylophora,2022,January,09/01/2022,3,4,2.51,7079921,2.1,1.55,0.23,0.09,44.56,37.67,23.37,10.97,1.74
188,Stylophora,2022,January,09/01/2022,4,4,4.44,5614109,2.2,1.76,0,1.06,84.03,39.48,21.87,17.47,2.02
189,Stylophora,2022,January,09/01/2022,5,4,2.79,5349593,1.8,1.43,0.25,1.11,82.22,29.42,18.02,32.84,2.32
190,Stylophora,2022,January,09/01/2022,6,4,2.79,5696550,1.9,1.5,0.3,1.04,82.26,41.99,27.63,17.31,2.17
191,Stylophora,2022,January,09/01/2022,7,4,3.06,5854480,1.7,1.72,0.26,0.57,68.2,37.26,17.89,17.65,1.9
192,Stylophora,2022,January,09/01/2022,8,4,3.06,5812872,2,1.8,0.25,0.32,59.91,33.89,25.07,27.72,2.34
193,Pocillopora,2021,February,04/02/2021,1,1,4.44,2783423,1.2,0.71,0.14,0.03,20.79,47.47,32.46,42.93,3.4
194,Pocillopora,2021,February,04/02/2021,2,1,3.34,2272380,1.8,0.54,0.11,0.14,20.17,26.4,26.84,20.62,1.91
195,Pocillopora,2021,February,04/02/2021,3,1,3.89,1778790,2.1,0.51,0.07,0.12,18.11,34.59,34.07,21.3,2.26
196,Pocillopora,2021,February,04/02/2021,4,1,2.24,4532958,1.8,0.97,0.09,0.09,28.42,34.98,50.29,10.98,2.15
197,Pocillopora,2021,February,04/02/2021,5,1,2.24,1897673,2.7,1.05,0.08,0.6,50.23,43.97,37.24,45.59,3.5
198,Pocillopora,2021,February,04/02/2021,6,1,3.62,1920684,1.4,0.66,0.04,0.48,35.49,37.57,28.92,53.79,3.53
199,Pocillopora,2021,February,04/02/2021,7,1,2.24,2464293,1.7,0.64,0.14,0.24,27.37,73.41,38.8,23.16,3.35
200,Pocillopora,2021,February,04/02/2021,8,1,2.79,2243117,1.7,0.76,0.11,0.49,39.4,66.49,31.87,1.12,2.19
201,Pocillopora,2021,July,01/07/2021,1,2,5.82,4182683,0.7,1.15,0.18,0.73,59.6,25.75,21.37,12.85,1.5
202,Pocillopora,2021,July,01/07/2021,2,2,6.65,1939969,0.9,0.85,0.11,0.11,26.68,42.01,30.28,6.76,1.8
203,Pocillopora,2021,July,01/07/2021,3,2,3.06,1502780,1.3,1.03,0.14,0.78,57.71,69.22,26.62,73.05,5.01
204,Pocillopora,2021,July,01/07/2021,4,2,3.62,3353937,0.9,0.98,0.13,0.1,29.77,38.29,27.4,15.41,2
205,Pocillopora,2021,July,01/07/2021,5,2,5.00,1953512,1,0.94,0.1,0.17,30.84,70.65,23.02,47.78,3.98
206,Pocillopora,2021,July,01/07/2021,6,2,3.06,3453458,1,1.29,0.17,0.47,52.47,43.33,26.53,2.47,1.6
207,Pocillopora,2021,July,01/07/2021,7,2,3.62,1310877,1.3,0.86,0.15,0.15,28.96,55.36,40.69,16.69,2.69
208,Pocillopora,2021,July,01/07/2021,8,2,3.06,1113624,1.1,0.72,0.08,0.12,23.42,17.9,26.68,95.16,4.65
209,Pocillopora,2021,August,03/08/2021,1,3,3.06,2785284,1.4,1.29,0.06,0.5,51.62,33.29,31.19,35.97,2.76
210,Pocillopora,2021,August,03/08/2021,2,3,5.82,1548378,1.1,0.74,0.1,0.32,31.87,38.72,21.66,15.92,1.93
211,Pocillopora,2021,August,03/08/2021,3,3,6.65,2020049,1.1,1.19,0.14,0.22,39.43,35.5,22.47,43.47,2.96
212,Pocillopora,2021,August,03/08/2021,4,3,4.17,1574693,1,0.83,0.07,0.75,50.93,37.11,22.93,23.72,2.23
213,Pocillopora,2021,August,03/08/2021,5,3,3.62,1458143,1.6,0.65,0.09,0.57,39.81,58.97,39.83,48.99,4.04
214,Pocillopora,2021,August,03/08/2021,6,3,4.17,1545898,1.2,0.98,0.09,0.17,31.67,42.34,22.95,41.7,3.06
215,Pocillopora,2021,August,03/08/2021,7,3,5.27,2172886,0.9,0.75,0.14,0.12,25.45,26.11,28.38,2.83,1.23
216,Pocillopora,2021,August,03/08/2021,8,3,5.00,1524070,1.5,0.72,0.1,0.5,38.79,48.2,18.99,11.61,1.94
217,Pocillopora,2022,January,09/01/2022,1,4,5.82,2908684,1.3,0.86,0.13,0.42,39.32,24.41,22.66,4.19,1.15
218,Pocillopora,2022,January,09/01/2022,2,4,5.00,1189225,2.1,0.52,0.07,0.14,19.32,49.46,,46.11,
219,Pocillopora,2022,January,09/01/2022,3,4,5.27,2154387,1.4,0.66,0.11,0.18,24.62,41.21,25.49,18.23,2.15
220,Pocillopora,2022,January,09/01/2022,4,4,3.34,2721467,2.2,0.97,0.12,0.24,34.81,41.45,29.81,46,3.33
221,Pocillopora,2022,January,09/01/2022,5,4,4.17,2735466,1.6,0.81,0.2,0.51,42.86,30.97,33.6,28.69,2.46
222,Pocillopora,2022,January,09/01/2022,6,4,3.89,3873638,2.1,0.91,0.09,0.57,45.96,17.29,20.53,2.52,0.87
223,Pocillopora,2022,January,09/01/2022,7,4,3.89,2507265,1.2,1.07,0.18,0.5,48.28,32.61,21.8,4.15,1.32
224,Pocillopora,2022,January,09/01/2022,8,4,4.72,2210716,0.9,0.74,0.13,0.17,26.67,32.73,20.57,27.84,2.24
225,Stylophora,2024,June,29/06/2024,1,14,8.53,2283001,1.8,1.52,0.21,0.236,49.23,23.73,37.46,30.79,2.44
226,Stylophora,2024,June,29/06/2024,2,14,12.04,2306535,2.1,1.26,0.18,0.313,45.61,8.85,29.84,38.39,2.25
227,Stylophora,2024,June,29/06/2024,3,14,9.39,3905359,2.4,1.34,0.21,0.156,41.84,25.58,18.07,65.69,3.52
228,Stylophora,2024,June,29/06/2024,4,14,6.23,3186398,2.7,1.86,0.29,0.438,66.79,16.99,35.97,25.29,2.03
229,Stylophora,2024,June,29/06/2024,5,14,9.40,1787383,2.6,1.03,0.15,0.121,31.98,15.34,43.2,27.59,2.21
230,Stylophora,2024,June,29/06/2024,6,14,4.00,4051718,2.1,1.45,0.21,0.064,40.85,23.42,40.14,48.16,3.16
231,Stylophora,2024,June,29/06/2024,7,14,5.11,3215860,2.6,1.53,0.22,0.221,49.17,25.84,40.86,8.09,1.65
232,Stylophora,2024,June,29/06/2024,8,14,6.39,3468768,2.4,2.06,0.24,0.427,70.28,18.65,35.56,40.53,2.67
233,Stylophora,2024,September,08/09/2024,1,15,3.25,2855291,3.1,1.71,0.28,0.061,48.23,18.68,37.11,52.52,3.17
234,Stylophora,2024,September,08/09/2024,2,15,3.52,2510390,2.5,1.35,0.18,0.359,49.6,2.84,32.24,18.44,1.36
235,Stylophora,2024,September,08/09/2024,3,15,3.66,2614735,2.4,1.57,0.28,0.605,66.17,9.2,42.08,28.96,2.1
236,Stylophora,2024,September,08/09/2024,4,15,3.46,3689920,1.9,1.85,0.26,0.297,60.51,17.87,37.6,11.34,1.53
237,Stylophora,2024,September,08/09/2024,5,15,4.42,1506559,3.3,0.89,0.15,0.223,32.86,8.5,38.8,,
238,Stylophora,2024,September,08/09/2024,6,15,3.23,3556787,2.6,1.41,0.19,0.41,53.07,14.37,25.52,6.59,1.05
239,Stylophora,2024,September,08/09/2024,7,15,3.72,3796455,1.8,1.44,0.29,0.302,51.35,10.12,30.82,22.24,1.66
240,Stylophora,2024,September,08/09/2024,8,15,4.21,3376384,2.5,1.66,0.21,0.161,49.62,13.94,30.67,7.65,1.17
241,Pocillopora,2024,June,29/06/2024,1,14,18.96,1226784,1.9,0.8,0.12,0.165,27.67,35.67,50.44,16.05,2.37
242,Pocillopora,2024,June,29/06/2024,2,14,10.86,772530,2.1,0.58,0.07,0.007,15.39,38.83,59.92,63.68,4.49
243,Pocillopora,2024,June,29/06/2024,3,14,14.26,1226914,2.1,1.01,0.09,0.126,30.65,43.02,57.92,37.22,3.51
244,Pocillopora,2024,June,29/06/2024,4,14,6.95,2112407,2.7,1.44,0.15,0.343,50.65,31.03,54.1,34.06,3.03
245,Pocillopora,2024,June,29/06/2024,5,14,6.08,1994751,2.1,1.18,0.13,0.308,42.66,32.01,52.16,54.12,3.82
246,Pocillopora,2024,June,29/06/2024,6,14,19.65,1349977,3.2,0.96,0.11,0.172,31.8,33.16,58.86,31.64,3.07
247,Pocillopora,2024,June,29/06/2024,7,14,18.90,882263,2.2,0.6,0.1,0.088,19.62,30.17,81.32,48.79,4.07
248,Pocillopora,2024,June,29/06/2024,8,14,17.47,928790,2.7,0.74,0.09,0.099,23.15,47.56,73.18,66.1,5.03
249,Pocillopora,2024,September,08/09/2024,1,15,5.17,2039117,3,0.83,0.11,0.131,26.84,29.74,50.45,30.85,2.81
250,Pocillopora,2024,September,08/09/2024,2,15,7.89,1666428,2.4,0.88,0.11,0.19,30.4,26.88,45.89,38.48,2.97
251,Pocillopora,2024,September,08/09/2024,3,15,4.63,2703083,3.2,1.07,0.15,0.377,43.09,15.49,36.51,19.27,1.77
252,Pocillopora,2024,September,08/09/2024,4,15,6.00,2523126,3.8,0.82,0.12,0.093,25.3,39.2,48.52,45.58,3.59
253,Pocillopora,2024,September,08/09/2024,5,15,4.99,2005278,3.3,0.76,0.12,0.234,29.39,23.81,48.15,13.88,1.96
254,Pocillopora,2024,September,08/09/2024,6,15,7.82,2291551,4.2,0.76,0.12,0.221,29.08,14.12,50.97,20.84,2.05
255,Pocillopora,2024,September,08/09/2024,7,15,7.46,943675,2,0.28,0.07,0.142,13.54,3.82,32.51,6.92,0.93
256,Pocillopora,2024,September,08/09/2024,8,15,6.66,2017539,2.6,1.15,0.15,0.272,40.92,29.18,57.04,55.24,3.88
